#,Date-Time (EDT),Temperature   (°C),Started,Button Down,Button Up,Host Connected,End of File
1,06/30/2026 14:13:55,20.72,Logged,,,,
2,06/30/2026 14:14:25,19.77,,,,,
3,06/30/2026 14:14:55,19.00,,,,,
4,06/30/2026 14:15:25,18.49,,,,,
5,06/30/2026 14:15:55,18.06,,,,,
6,06/30/2026 14:16:25,17.72,,,,,
7,06/30/2026 14:16:55,17.41,,,,,
8,06/30/2026 14:17:25,17.24,,,,,
9,06/30/2026 14:17:55,16.99,,,,,
10,06/30/2026 14:18:25,16.86,,,,,
11,06/30/2026 14:18:55,16.69,,,,,
12,06/30/2026 14:19:25,16.64,,,,,
13,06/30/2026 14:19:55,16.56,,,,,
14,06/30/2026 14:20:25,16.51,,,,,
15,06/30/2026 14:20:55,16.51,,,,,
16,06/30/2026 14:21:25,16.47,,,,,
17,06/30/2026 14:21:55,16.47,,,,,
18,06/30/2026 14:22:25,16.47,,,,,
19,06/30/2026 14:22:55,16.56,,,,,
20,06/30/2026 14:23:25,16.64,,,,,
21,06/30/2026 14:23:55,16.64,,,,,
22,06/30/2026 14:24:25,16.77,,,,,
23,06/30/2026 14:24:55,16.86,,,,,
24,06/30/2026 14:25:25,16.99,,,,,
25,06/30/2026 14:25:55,17.11,,,,,
26,06/30/2026 14:26:25,17.20,,,,,
27,06/30/2026 14:26:55,17.37,,,,,
28,06/30/2026 14:27:25,17.50,,,,,
29,06/30/2026 14:27:55,17.63,,,,,
30,06/30/2026 14:28:25,17.76,,,,,
31,06/30/2026 14:28:55,17.93,,,,,
32,06/30/2026 14:29:25,18.06,,,,,
33,06/30/2026 14:29:55,18.19,,,,,
34,06/30/2026 14:30:25,18.32,,,,,
35,06/30/2026 14:30:55,18.49,,,,,
36,06/30/2026 14:31:25,18.62,,,,,
37,06/30/2026 14:31:55,18.79,,,,,
38,06/30/2026 14:32:25,18.96,,,,,
39,06/30/2026 14:32:55,19.05,,,,,
40,06/30/2026 14:33:25,19.17,,,,,
41,06/30/2026 14:33:55,19.35,,,,,
42,06/30/2026 14:34:25,19.52,,,,,
43,06/30/2026 14:34:55,19.65,,,,,
44,06/30/2026 14:35:25,19.77,,,,,
45,06/30/2026 14:35:55,19.86,,,,,
46,06/30/2026 14:36:25,20.07,,,,,
47,06/30/2026 14:36:55,20.20,,,,,
48,06/30/2026 14:37:25,20.37,,,,,
49,06/30/2026 14:37:55,20.46,,,,,
50,06/30/2026 14:38:25,20.63,,,,,
51,06/30/2026 14:38:55,20.76,,,,,
52,06/30/2026 14:39:25,20.93,,,,,
53,06/30/2026 14:39:55,21.06,,,,,
54,06/30/2026 14:40:25,21.23,,,,,
55,06/30/2026 14:40:55,21.32,,,,,
56,06/30/2026 14:41:25,21.45,,,,,
57,06/30/2026 14:41:55,21.66,,,,,
58,06/30/2026 14:42:25,21.75,,,,,
59,06/30/2026 14:42:55,21.88,,,,,
60,06/30/2026 14:43:25,22.05,,,,,
61,06/30/2026 14:43:55,22.13,,,,,
62,06/30/2026 14:44:25,22.31,,,,,
63,06/30/2026 14:44:55,22.43,,,,,
64,06/30/2026 14:45:25,22.52,,,,,
65,06/30/2026 14:45:55,22.69,,,,,
66,06/30/2026 14:46:25,22.82,,,,,
67,06/30/2026 14:46:55,22.95,,,,,
68,06/30/2026 14:47:25,23.08,,,,,
69,06/30/2026 14:47:55,23.21,,,,,
70,06/30/2026 14:48:25,23.38,,,,,
71,06/30/2026 14:48:55,23.46,,,,,
72,06/30/2026 14:49:25,23.59,,,,,
73,06/30/2026 14:49:55,23.76,,,,,
74,06/30/2026 14:50:25,23.85,,,,,
75,06/30/2026 14:50:55,23.98,,,,,
76,06/30/2026 14:51:25,24.11,,,,,
77,06/30/2026 14:51:55,24.24,,,,,
78,06/30/2026 14:52:25,24.36,,,,,
79,06/30/2026 14:52:55,24.49,,,,,
80,06/30/2026 14:53:25,24.58,,,,,
81,06/30/2026 14:53:55,24.75,,,,,
82,06/30/2026 14:54:25,24.84,,,,,
83,06/30/2026 14:54:55,25.01,,,,,
84,06/30/2026 14:55:25,25.09,,,,,
85,06/30/2026 14:55:55,25.22,,,,,
86,06/30/2026 14:56:25,25.35,,,,,
87,06/30/2026 14:56:55,25.48,,,,,
88,06/30/2026 14:57:25,25.57,,,,,
89,06/30/2026 14:57:55,25.69,,,,,
90,06/30/2026 14:58:25,25.82,,,,,
91,06/30/2026 14:58:55,25.95,,,,,
92,06/30/2026 14:59:25,26.12,,,,,
93,06/30/2026 14:59:55,26.21,,,,,
94,06/30/2026 15:00:25,26.34,,,,,
95,06/30/2026 15:00:55,26.47,,,,,
96,06/30/2026 15:01:25,26.60,,,,,
97,06/30/2026 15:01:55,26.64,,,,,
98,06/30/2026 15:02:25,26.77,,,,,
99,06/30/2026 15:02:55,26.90,,,,,
100,06/30/2026 15:03:25,27.02,,,,,
101,06/30/2026 15:03:55,27.11,,,,,
102,06/30/2026 15:04:25,27.24,,,,,
103,06/30/2026 15:04:55,27.32,,,,,
104,06/30/2026 15:05:25,27.41,,,,,
105,06/30/2026 15:05:55,27.58,,,,,
106,06/30/2026 15:06:25,27.63,,,,,
107,06/30/2026 15:06:55,27.80,,,,,
108,06/30/2026 15:07:25,27.84,,,,,
109,06/30/2026 15:07:55,27.97,,,,,
110,06/30/2026 15:08:25,28.10,,,,,
111,06/30/2026 15:08:55,28.23,,,,,
112,06/30/2026 15:09:25,28.31,,,,,
113,06/30/2026 15:09:55,28.40,,,,,
114,06/30/2026 15:10:25,28.53,,,,,
115,06/30/2026 15:10:55,28.65,,,,,
116,06/30/2026 15:11:25,28.74,,,,,
117,06/30/2026 15:11:55,28.87,,,,,
118,06/30/2026 15:12:25,28.95,,,,,
119,06/30/2026 15:12:55,29.08,,,,,
120,06/30/2026 15:13:25,29.17,,,,,
121,06/30/2026 15:13:55,29.26,,,,,
122,06/30/2026 15:14:25,29.34,,,,,
123,06/30/2026 15:14:55,29.47,,,,,
124,06/30/2026 15:15:25,29.56,,,,,
125,06/30/2026 15:15:55,29.64,,,,,
126,06/30/2026 15:16:25,29.77,,,,,
127,06/30/2026 15:16:55,29.81,,,,,
128,06/30/2026 15:17:25,29.98,,,,,
129,06/30/2026 15:17:55,29.98,,,,,
130,06/30/2026 15:18:25,30.16,,,,,
131,06/30/2026 15:18:55,30.24,,,,,
132,06/30/2026 15:19:25,30.33,,,,,
133,06/30/2026 15:19:55,30.41,,,,,
134,06/30/2026 15:20:25,30.50,,,,,
135,06/30/2026 15:20:55,30.59,,,,,
136,06/30/2026 15:21:25,30.76,,,,,
137,06/30/2026 15:21:55,30.80,,,,,
138,06/30/2026 15:22:25,30.89,,,,,
139,06/30/2026 15:22:55,30.97,,,,,
140,06/30/2026 15:23:25,31.01,,,,,
141,06/30/2026 15:23:55,31.10,,,,,
142,06/30/2026 15:24:25,31.27,,,,,
143,06/30/2026 15:24:55,31.27,,,,,
144,06/30/2026 15:25:25,31.44,,,,,
145,06/30/2026 15:25:55,31.49,,,,,
146,06/30/2026 15:26:25,31.57,,,,,
147,06/30/2026 15:26:55,31.70,,,,,
148,06/30/2026 15:27:25,31.79,,,,,
149,06/30/2026 15:27:55,31.83,,,,,
150,06/30/2026 15:28:25,31.96,,,,,
151,06/30/2026 15:28:55,32.04,,,,,
152,06/30/2026 15:29:25,32.13,,,,,
153,06/30/2026 15:29:55,32.17,,,,,
154,06/30/2026 15:30:25,32.26,,,,,
155,06/30/2026 15:30:55,32.30,,,,,
156,06/30/2026 15:31:25,32.47,,,,,
157,06/30/2026 15:31:55,32.52,,,,,
158,06/30/2026 15:32:25,32.56,,,,,
159,06/30/2026 15:32:55,32.64,,,,,
160,06/30/2026 15:33:25,32.73,,,,,
161,06/30/2026 15:33:55,32.82,,,,,
162,06/30/2026 15:34:25,32.90,,,,,
163,06/30/2026 15:34:55,32.99,,,,,
164,06/30/2026 15:35:25,33.03,,,,,
165,06/30/2026 15:35:55,33.16,,,,,
166,06/30/2026 15:36:25,33.12,,,,,
167,06/30/2026 15:36:55,33.29,,,,,
168,06/30/2026 15:37:25,33.37,,,,,
169,06/30/2026 15:37:55,33.46,,,,,
170,06/30/2026 15:38:25,33.50,,,,,
171,06/30/2026 15:38:55,33.55,,,,,
172,06/30/2026 15:39:25,33.67,,,,,
173,06/30/2026 15:39:55,33.76,,,,,
174,06/30/2026 15:40:25,33.80,,,,,
175,06/30/2026 15:40:55,33.85,,,,,
176,06/30/2026 15:41:25,33.97,,,,,
177,06/30/2026 15:41:55,34.02,,,,,
178,06/30/2026 15:42:25,34.10,,,,,
179,06/30/2026 15:42:55,34.23,,,,,
180,06/30/2026 15:43:25,34.27,,,,,
181,06/30/2026 15:43:55,34.32,,,,,
182,06/30/2026 15:44:25,34.40,,,,,
183,06/30/2026 15:44:55,34.45,,,,,
184,06/30/2026 15:45:25,34.49,,,,,
185,06/30/2026 15:45:55,34.62,,,,,
186,06/30/2026 15:46:25,34.66,,,,,
187,06/30/2026 15:46:55,34.70,,,,,
188,06/30/2026 15:47:25,34.79,,,,,
189,06/30/2026 15:47:55,34.88,,,,,
190,06/30/2026 15:48:25,34.96,,,,,
191,06/30/2026 15:48:55,34.96,,,,,
192,06/30/2026 15:49:25,35.05,,,,,
193,06/30/2026 15:49:55,35.13,,,,,
194,06/30/2026 15:50:25,35.18,,,,,
195,06/30/2026 15:50:55,35.22,,,,,
196,06/30/2026 15:51:25,35.30,,,,,
197,06/30/2026 15:51:55,35.43,,,,,
198,06/30/2026 15:52:25,35.48,,,,,
199,06/30/2026 15:52:55,35.56,,,,,
200,06/30/2026 15:53:25,35.60,,,,,
201,06/30/2026 15:53:55,35.65,,,,,
202,06/30/2026 15:54:25,35.69,,,,,
203,06/30/2026 15:54:55,35.78,,,,,
204,06/30/2026 15:55:25,35.86,,,,,
205,06/30/2026 15:55:55,35.95,,,,,
206,06/30/2026 15:56:25,35.95,,,,,
207,06/30/2026 15:56:55,36.03,,,,,
208,06/30/2026 15:57:25,36.08,,,,,
209,06/30/2026 15:57:55,36.16,,,,,
210,06/30/2026 15:58:25,36.16,,,,,
211,06/30/2026 15:58:55,36.25,,,,,
212,06/30/2026 15:59:25,36.29,,,,,
213,06/30/2026 15:59:55,36.38,,,,,
214,06/30/2026 16:00:25,36.38,,,,,
215,06/30/2026 16:00:55,36.46,,,,,
216,06/30/2026 16:01:25,36.51,,,,,
217,06/30/2026 16:01:55,36.55,,,,,
218,06/30/2026 16:02:25,36.63,,,,,
219,06/30/2026 16:02:55,36.68,,,,,
220,06/30/2026 16:03:25,36.72,,,,,
221,06/30/2026 16:03:55,36.81,,,,,
222,06/30/2026 16:04:25,36.85,,,,,
223,06/30/2026 16:04:55,36.89,,,,,
224,06/30/2026 16:05:25,36.89,,,,,
225,06/30/2026 16:05:55,36.98,,,,,
226,06/30/2026 16:06:25,37.02,,,,,
227,06/30/2026 16:06:55,37.11,,,,,
228,06/30/2026 16:07:25,37.15,,,,,
229,06/30/2026 16:07:55,37.15,,,,,
230,06/30/2026 16:08:25,37.23,,,,,
231,06/30/2026 16:08:55,37.28,,,,,
232,06/30/2026 16:09:25,37.32,,,,,
233,06/30/2026 16:09:55,37.36,,,,,
234,06/30/2026 16:10:25,37.45,,,,,
235,06/30/2026 16:10:55,37.49,,,,,
236,06/30/2026 16:11:25,37.49,,,,,
237,06/30/2026 16:11:55,37.54,,,,,
238,06/30/2026 16:12:25,37.58,,,,,
239,06/30/2026 16:12:55,37.66,,,,,
240,06/30/2026 16:13:25,37.71,,,,,
241,06/30/2026 16:13:55,37.75,,,,,
242,06/30/2026 16:14:25,37.75,,,,,
243,06/30/2026 16:14:55,37.79,,,,,
244,06/30/2026 16:15:25,37.84,,,,,
245,06/30/2026 16:15:55,37.92,,,,,
246,06/30/2026 16:16:25,38.01,,,,,
247,06/30/2026 16:16:55,38.01,,,,,
248,06/30/2026 16:17:25,38.01,,,,,
249,06/30/2026 16:17:55,38.05,,,,,
250,06/30/2026 16:18:25,38.09,,,,,
251,06/30/2026 16:18:55,38.18,,,,,
252,06/30/2026 16:19:25,38.14,,,,,
253,06/30/2026 16:19:55,38.22,,,,,
254,06/30/2026 16:20:25,38.26,,,,,
255,06/30/2026 16:20:55,38.26,,,,,
256,06/30/2026 16:21:25,38.35,,,,,
257,06/30/2026 16:21:55,38.35,,,,,
258,06/30/2026 16:22:25,38.39,,,,,
259,06/30/2026 16:22:55,38.39,,,,,
260,06/30/2026 16:23:25,38.48,,,,,
261,06/30/2026 16:23:55,38.52,,,,,
262,06/30/2026 16:24:25,38.52,,,,,
263,06/30/2026 16:24:55,38.56,,,,,
264,06/30/2026 16:25:25,38.56,,,,,
265,06/30/2026 16:25:55,38.56,,,,,
266,06/30/2026 16:26:25,38.52,,,,,
267,06/30/2026 16:26:55,38.52,,,,,
268,06/30/2026 16:27:25,38.61,,,,,
269,06/30/2026 16:27:55,38.48,,,,,
270,06/30/2026 16:28:25,38.35,,,,,
271,06/30/2026 16:28:55,38.39,,,,,
272,06/30/2026 16:29:25,38.26,,,,,
273,06/30/2026 16:29:55,37.71,,,,,
274,06/30/2026 16:30:25,36.68,,,,,
275,06/30/2026 16:30:55,35.60,,,,,
276,06/30/2026 16:31:25,34.57,,,,,
277,06/30/2026 16:31:55,33.63,,,,,
278,06/30/2026 16:32:25,32.73,,,,,
279,06/30/2026 16:32:55,31.92,,,,,
280,06/30/2026 16:33:25,31.14,,,,,
281,06/30/2026 16:33:55,30.46,,,,,
282,06/30/2026 16:34:25,29.77,,,,,
283,06/30/2026 16:34:55,29.17,,,,,
284,06/30/2026 16:35:25,28.53,,,,,
285,06/30/2026 16:35:55,28.05,,,,,
286,06/30/2026 16:36:25,27.58,,,,,
287,06/30/2026 16:36:55,27.07,,,,,
288,06/30/2026 16:37:25,26.68,,,,,
289,06/30/2026 16:37:55,26.21,,,,,
290,06/30/2026 16:38:25,25.87,,,,,
291,06/30/2026 16:38:55,25.48,,,,,
292,06/30/2026 16:39:25,25.14,,,,,
293,06/30/2026 16:39:55,24.84,,,,,
294,06/30/2026 16:40:25,24.58,,,,,
295,06/30/2026 16:40:55,24.28,,,,,
296,06/30/2026 16:41:25,24.02,,,,,
297,06/30/2026 16:41:55,23.72,,,,,
298,06/30/2026 16:42:25,23.51,,,,,
299,06/30/2026 16:42:55,23.29,,,,,
300,06/30/2026 16:43:25,23.12,,,,,
301,06/30/2026 16:43:55,22.86,,,,,
302,06/30/2026 16:44:25,22.65,,,,,
303,06/30/2026 16:44:55,22.56,,,,,
304,06/30/2026 16:45:25,22.39,,,,,
305,06/30/2026 16:45:55,22.26,,,,,
306,06/30/2026 16:46:25,22.13,,,,,
307,06/30/2026 16:46:55,22.05,,,,,
308,06/30/2026 16:47:25,21.96,,,,,
309,06/30/2026 16:47:55,21.83,,,,,
310,06/30/2026 16:48:25,21.79,,,,,
311,06/30/2026 16:48:55,21.70,,,,,
312,06/30/2026 16:49:25,21.62,,,,,
313,06/30/2026 16:49:55,21.58,,,,,
314,06/30/2026 16:50:25,21.45,,,,,
315,06/30/2026 16:50:55,21.45,,,,,
316,06/30/2026 16:51:25,21.40,,,,,
317,06/30/2026 16:51:55,21.40,,,,,
318,06/30/2026 16:52:25,21.36,,,,,
319,06/30/2026 16:52:55,21.32,,,,,
320,06/30/2026 16:53:25,21.23,,,,,
321,06/30/2026 16:53:55,21.23,,,,,
322,06/30/2026 16:54:25,21.23,,,,,
323,06/30/2026 16:54:55,21.19,,,,,
324,06/30/2026 16:55:25,21.19,,,,,
325,06/30/2026 16:55:55,21.15,,,,,
326,06/30/2026 16:56:25,21.19,,,,,
327,06/30/2026 16:56:55,21.15,,,,,
328,06/30/2026 16:57:25,21.10,,,,,
329,06/30/2026 16:57:55,21.15,,,,,
330,06/30/2026 16:58:25,21.06,,,,,
331,06/30/2026 16:58:55,21.10,,,,,
332,06/30/2026 16:59:25,21.06,,,,,
333,06/30/2026 16:59:55,21.06,,,,,
334,06/30/2026 17:00:25,21.06,,,,,
335,06/30/2026 17:00:55,21.02,,,,,
336,06/30/2026 17:01:25,21.02,,,,,
337,06/30/2026 17:01:55,20.98,,,,,
338,06/30/2026 17:02:25,20.98,,,,,
339,06/30/2026 17:02:55,20.93,,,,,
340,06/30/2026 17:03:25,20.93,,,,,
341,06/30/2026 17:03:55,20.89,,,,,
342,06/30/2026 17:04:25,20.89,,,,,
343,06/30/2026 17:04:55,20.89,,,,,
344,06/30/2026 17:05:25,20.89,,,,,
345,06/30/2026 17:05:55,20.85,,,,,
346,06/30/2026 17:06:25,20.85,,,,,
347,06/30/2026 17:06:55,20.85,,,,,
348,06/30/2026 17:07:25,20.85,,,,,
349,06/30/2026 17:07:55,20.85,,,,,
350,06/30/2026 17:08:25,20.85,,,,,
351,06/30/2026 17:08:55,20.85,,,,,
352,06/30/2026 17:09:25,20.89,,,,,
353,06/30/2026 17:09:55,20.85,,,,,
354,06/30/2026 17:10:25,20.89,,,,,
355,06/30/2026 17:10:55,20.89,,,,,
356,06/30/2026 17:11:25,20.93,,,,,
357,06/30/2026 17:11:55,20.89,,,,,
358,06/30/2026 17:12:25,20.93,,,,,
359,06/30/2026 17:12:55,20.93,,,,,
360,06/30/2026 17:13:25,20.98,,,,,
361,06/30/2026 17:13:55,20.89,,,,,
362,06/30/2026 17:14:25,20.98,,,,,
363,06/30/2026 17:14:55,20.98,,,,,
364,06/30/2026 17:15:25,20.98,,,,,
365,06/30/2026 17:15:55,21.02,,,,,
366,06/30/2026 17:16:25,20.98,,,,,
367,06/30/2026 17:16:55,20.98,,,,,
368,06/30/2026 17:17:25,21.02,,,,,
369,06/30/2026 17:17:55,20.98,,,,,
370,06/30/2026 17:18:25,20.98,,,,,
371,06/30/2026 17:18:55,20.98,,,,,
372,06/30/2026 17:19:25,20.98,,,,,
373,06/30/2026 17:19:55,20.98,,,,,
374,06/30/2026 17:20:25,20.98,,,,,
375,06/30/2026 17:20:55,20.93,,,,,
376,06/30/2026 17:21:25,20.93,,,,,
377,06/30/2026 17:21:55,20.93,,,,,
378,06/30/2026 17:22:25,20.93,,,,,
379,06/30/2026 17:22:55,20.93,,,,,
380,06/30/2026 17:23:25,20.93,,,,,
381,06/30/2026 17:23:55,20.93,,,,,
382,06/30/2026 17:24:25,20.89,,,,,
383,06/30/2026 17:24:55,20.93,,,,,
384,06/30/2026 17:25:25,20.89,,,,,
385,06/30/2026 17:25:55,20.93,,,,,
386,06/30/2026 17:26:25,20.93,,,,,
387,06/30/2026 17:26:55,20.89,,,,,
388,06/30/2026 17:27:25,20.93,,,,,
389,06/30/2026 17:27:55,20.98,,,,,
390,06/30/2026 17:28:25,20.93,,,,,
391,06/30/2026 17:28:55,20.93,,,,,
392,06/30/2026 17:29:25,20.98,,,,,
393,06/30/2026 17:29:55,20.98,,,,,
394,06/30/2026 17:30:25,20.98,,,,,
395,06/30/2026 17:30:55,21.02,,,,,
396,06/30/2026 17:31:25,21.02,,,,,
397,06/30/2026 17:31:55,21.02,,,,,
398,06/30/2026 17:32:25,21.06,,,,,
399,06/30/2026 17:32:55,21.02,,,,,
400,06/30/2026 17:33:25,21.10,,,,,
401,06/30/2026 17:33:55,21.10,,,,,
402,06/30/2026 17:34:25,21.10,,,,,
403,06/30/2026 17:34:55,21.10,,,,,
404,06/30/2026 17:35:25,21.10,,,,,
405,06/30/2026 17:35:55,21.02,,,,,
406,06/30/2026 17:36:25,21.06,,,,,
407,06/30/2026 17:36:55,21.06,,,,,
408,06/30/2026 17:37:25,21.06,,,,,
409,06/30/2026 17:37:55,21.06,,,,,
410,06/30/2026 17:38:25,21.10,,,,,
411,06/30/2026 17:38:55,21.06,,,,,
412,06/30/2026 17:39:25,21.02,,,,,
413,06/30/2026 17:39:55,21.02,,,,,
414,06/30/2026 17:40:25,21.02,,,,,
415,06/30/2026 17:40:55,21.02,,,,,
416,06/30/2026 17:41:25,20.98,,,,,
417,06/30/2026 17:41:55,21.02,,,,,
418,06/30/2026 17:42:25,21.02,,,,,
419,06/30/2026 17:42:55,20.98,,,,,
420,06/30/2026 17:43:25,20.98,,,,,
421,06/30/2026 17:43:55,21.02,,,,,
422,06/30/2026 17:44:25,21.02,,,,,
423,06/30/2026 17:44:55,20.98,,,,,
424,06/30/2026 17:45:25,20.93,,,,,
425,06/30/2026 17:45:55,20.98,,,,,
426,06/30/2026 17:46:25,20.98,,,,,
427,06/30/2026 17:46:55,20.98,,,,,
428,06/30/2026 17:47:25,20.98,,,,,
429,06/30/2026 17:47:55,20.93,,,,,
430,06/30/2026 17:48:25,20.98,,,,,
431,06/30/2026 17:48:55,20.93,,,,,
432,06/30/2026 17:49:25,20.98,,,,,
433,06/30/2026 17:49:55,20.93,,,,,
434,06/30/2026 17:50:25,20.98,,,,,
435,06/30/2026 17:50:55,20.98,,,,,
436,06/30/2026 17:51:25,20.93,,,,,
437,06/30/2026 17:51:55,20.93,,,,,
438,06/30/2026 17:52:25,20.98,,,,,
439,06/30/2026 17:52:55,20.98,,,,,
440,06/30/2026 17:53:25,21.02,,,,,
441,06/30/2026 17:53:55,20.98,,,,,
442,06/30/2026 17:54:25,20.98,,,,,
443,06/30/2026 17:54:55,20.98,,,,,
444,06/30/2026 17:55:25,20.98,,,,,
445,06/30/2026 17:55:55,20.98,,,,,
446,06/30/2026 17:56:25,20.98,,,,,
447,06/30/2026 17:56:55,21.06,,,,,
448,06/30/2026 17:57:25,21.02,,,,,
449,06/30/2026 17:57:55,21.02,,,,,
450,06/30/2026 17:58:25,21.06,,,,,
451,06/30/2026 17:58:55,21.10,,,,,
452,06/30/2026 17:59:25,21.10,,,,,
453,06/30/2026 17:59:55,21.15,,,,,
454,06/30/2026 18:00:25,21.10,,,,,
455,06/30/2026 18:00:55,21.10,,,,,
456,06/30/2026 18:01:25,21.15,,,,,
457,06/30/2026 18:01:55,21.15,,,,,
458,06/30/2026 18:02:25,21.15,,,,,
459,06/30/2026 18:02:55,21.15,,,,,
460,06/30/2026 18:03:25,21.10,,,,,
461,06/30/2026 18:03:55,21.15,,,,,
462,06/30/2026 18:04:25,21.15,,,,,
463,06/30/2026 18:04:55,21.15,,,,,
464,06/30/2026 18:05:25,21.10,,,,,
465,06/30/2026 18:05:55,21.15,,,,,
466,06/30/2026 18:06:25,21.15,,,,,
467,06/30/2026 18:06:55,21.15,,,,,
468,06/30/2026 18:07:25,21.10,,,,,
469,06/30/2026 18:07:55,21.06,,,,,
470,06/30/2026 18:08:25,21.10,,,,,
471,06/30/2026 18:08:55,21.10,,,,,
472,06/30/2026 18:09:25,21.06,,,,,
473,06/30/2026 18:09:55,21.06,,,,,
474,06/30/2026 18:10:25,21.02,,,,,
475,06/30/2026 18:10:55,21.02,,,,,
476,06/30/2026 18:11:25,21.06,,,,,
477,06/30/2026 18:11:55,21.02,,,,,
478,06/30/2026 18:12:25,21.02,,,,,
479,06/30/2026 18:12:55,21.10,,,,,
480,06/30/2026 18:13:25,21.02,,,,,
481,06/30/2026 18:13:55,21.02,,,,,
482,06/30/2026 18:14:25,21.06,,,,,
483,06/30/2026 18:14:55,20.98,,,,,
484,06/30/2026 18:15:25,21.02,,,,,
485,06/30/2026 18:15:55,21.02,,,,,
486,06/30/2026 18:16:25,21.06,,,,,
487,06/30/2026 18:16:55,21.02,,,,,
488,06/30/2026 18:17:25,21.06,,,,,
489,06/30/2026 18:17:55,21.02,,,,,
490,06/30/2026 18:18:25,21.02,,,,,
491,06/30/2026 18:18:55,21.06,,,,,
492,06/30/2026 18:19:25,21.02,,,,,
493,06/30/2026 18:19:55,21.02,,,,,
494,06/30/2026 18:20:25,21.02,,,,,
495,06/30/2026 18:20:55,21.10,,,,,
496,06/30/2026 18:21:25,21.10,,,,,
497,06/30/2026 18:21:55,21.06,,,,,
498,06/30/2026 18:22:25,21.06,,,,,
499,06/30/2026 18:22:55,21.10,,,,,
500,06/30/2026 18:23:25,21.06,,,,,
501,06/30/2026 18:23:55,21.10,,,,,
502,06/30/2026 18:24:25,21.10,,,,,
503,06/30/2026 18:24:55,21.15,,,,,
504,06/30/2026 18:25:25,21.10,,,,,
505,06/30/2026 18:25:55,21.10,,,,,
506,06/30/2026 18:26:25,21.10,,,,,
507,06/30/2026 18:26:55,21.15,,,,,
508,06/30/2026 18:27:25,21.15,,,,,
509,06/30/2026 18:27:55,21.15,,,,,
510,06/30/2026 18:28:25,21.15,,,,,
511,06/30/2026 18:28:55,21.15,,,,,
512,06/30/2026 18:29:25,21.15,,,,,
513,06/30/2026 18:29:55,21.19,,,,,
514,06/30/2026 18:30:25,21.15,,,,,
515,06/30/2026 18:30:55,21.19,,,,,
516,06/30/2026 18:31:25,21.15,,,,,
517,06/30/2026 18:31:55,21.15,,,,,
518,06/30/2026 18:32:25,21.19,,,,,
519,06/30/2026 18:32:55,21.15,,,,,
520,06/30/2026 18:33:25,21.10,,,,,
521,06/30/2026 18:33:55,21.15,,,,,
522,06/30/2026 18:34:25,21.10,,,,,
523,06/30/2026 18:34:55,21.10,,,,,
524,06/30/2026 18:35:25,21.10,,,,,
525,06/30/2026 18:35:55,21.10,,,,,
526,06/30/2026 18:36:25,21.10,,,,,
527,06/30/2026 18:36:55,21.06,,,,,
528,06/30/2026 18:37:25,21.06,,,,,
529,06/30/2026 18:37:55,21.06,,,,,
530,06/30/2026 18:38:25,21.10,,,,,
531,06/30/2026 18:38:55,21.06,,,,,
532,06/30/2026 18:39:25,21.10,,,,,
533,06/30/2026 18:39:55,21.06,,,,,
534,06/30/2026 18:40:25,21.10,,,,,
535,06/30/2026 18:40:55,21.06,,,,,
536,06/30/2026 18:41:25,21.10,,,,,
537,06/30/2026 18:41:55,21.06,,,,,
538,06/30/2026 18:42:25,21.10,,,,,
539,06/30/2026 18:42:55,21.06,,,,,
540,06/30/2026 18:43:25,21.06,,,,,
541,06/30/2026 18:43:55,21.15,,,,,
542,06/30/2026 18:44:25,21.10,,,,,
543,06/30/2026 18:44:55,21.10,,,,,
544,06/30/2026 18:45:25,21.10,,,,,
545,06/30/2026 18:45:55,21.15,,,,,
546,06/30/2026 18:46:25,21.15,,,,,
547,06/30/2026 18:46:55,21.15,,,,,
548,06/30/2026 18:47:25,21.15,,,,,
549,06/30/2026 18:47:55,21.15,,,,,
550,06/30/2026 18:48:25,21.15,,,,,
551,06/30/2026 18:48:55,21.15,,,,,
552,06/30/2026 18:49:25,21.10,,,,,
553,06/30/2026 18:49:55,21.10,,,,,
554,06/30/2026 18:50:25,21.10,,,,,
555,06/30/2026 18:50:55,21.06,,,,,
556,06/30/2026 18:51:25,21.15,,,,,
557,06/30/2026 18:51:55,21.10,,,,,
558,06/30/2026 18:52:25,21.10,,,,,
559,06/30/2026 18:52:55,21.10,,,,,
560,06/30/2026 18:53:25,21.10,,,,,
561,06/30/2026 18:53:55,21.10,,,,,
562,06/30/2026 18:54:25,21.10,,,,,
563,06/30/2026 18:54:55,21.15,,,,,
564,06/30/2026 18:55:25,21.06,,,,,
565,06/30/2026 18:55:55,21.06,,,,,
566,06/30/2026 18:56:25,21.10,,,,,
567,06/30/2026 18:56:55,21.15,,,,,
568,06/30/2026 18:57:25,21.10,,,,,
569,06/30/2026 18:57:55,21.06,,,,,
570,06/30/2026 18:58:25,21.02,,,,,
571,06/30/2026 18:58:55,21.10,,,,,
572,06/30/2026 18:59:25,21.06,,,,,
573,06/30/2026 18:59:55,21.06,,,,,
574,06/30/2026 19:00:25,21.06,,,,,
575,06/30/2026 19:00:55,21.10,,,,,
576,06/30/2026 19:01:25,21.06,,,,,
577,06/30/2026 19:01:55,21.06,,,,,
578,06/30/2026 19:02:25,21.10,,,,,
579,06/30/2026 19:02:55,21.06,,,,,
580,06/30/2026 19:03:25,21.06,,,,,
581,06/30/2026 19:03:55,20.98,,,,,
582,06/30/2026 19:04:25,21.02,,,,,
583,06/30/2026 19:04:55,21.06,,,,,
584,06/30/2026 19:05:25,20.98,,,,,
585,06/30/2026 19:05:55,21.10,,,,,
586,06/30/2026 19:06:25,21.02,,,,,
587,06/30/2026 19:06:55,20.98,,,,,
588,06/30/2026 19:07:25,21.02,,,,,
589,06/30/2026 19:07:55,21.02,,,,,
590,06/30/2026 19:08:25,21.02,,,,,
591,06/30/2026 19:08:55,21.06,,,,,
592,06/30/2026 19:09:25,21.02,,,,,
593,06/30/2026 19:09:55,20.98,,,,,
594,06/30/2026 19:10:25,21.02,,,,,
595,06/30/2026 19:10:55,21.02,,,,,
596,06/30/2026 19:11:25,20.98,,,,,
597,06/30/2026 19:11:55,21.02,,,,,
598,06/30/2026 19:12:25,21.02,,,,,
599,06/30/2026 19:12:55,20.98,,,,,
600,06/30/2026 19:13:25,20.98,,,,,
601,06/30/2026 19:13:55,20.98,,,,,
602,06/30/2026 19:14:25,20.98,,,,,
603,06/30/2026 19:14:55,20.93,,,,,
604,06/30/2026 19:15:25,20.98,,,,,
605,06/30/2026 19:15:55,20.98,,,,,
606,06/30/2026 19:16:25,20.93,,,,,
607,06/30/2026 19:16:55,20.93,,,,,
608,06/30/2026 19:17:25,20.93,,,,,
609,06/30/2026 19:17:55,20.89,,,,,
610,06/30/2026 19:18:25,20.89,,,,,
611,06/30/2026 19:18:55,20.89,,,,,
612,06/30/2026 19:19:25,20.89,,,,,
613,06/30/2026 19:19:55,20.89,,,,,
614,06/30/2026 19:20:25,20.89,,,,,
615,06/30/2026 19:20:55,20.89,,,,,
616,06/30/2026 19:21:25,20.85,,,,,
617,06/30/2026 19:21:55,20.85,,,,,
618,06/30/2026 19:22:25,20.85,,,,,
619,06/30/2026 19:22:55,20.80,,,,,
620,06/30/2026 19:23:25,20.85,,,,,
621,06/30/2026 19:23:55,20.85,,,,,
622,06/30/2026 19:24:25,20.89,,,,,
623,06/30/2026 19:24:55,20.93,,,,,
624,06/30/2026 19:25:25,20.89,,,,,
625,06/30/2026 19:25:55,20.89,,,,,
626,06/30/2026 19:26:25,20.98,,,,,
627,06/30/2026 19:26:55,20.93,,,,,
628,06/30/2026 19:27:25,20.98,,,,,
629,06/30/2026 19:27:55,20.93,,,,,
630,06/30/2026 19:28:25,20.98,,,,,
631,06/30/2026 19:28:55,20.98,,,,,
632,06/30/2026 19:29:25,20.98,,,,,
633,06/30/2026 19:29:55,21.02,,,,,
634,06/30/2026 19:30:25,21.02,,,,,
635,06/30/2026 19:30:55,20.98,,,,,
636,06/30/2026 19:31:25,21.02,,,,,
637,06/30/2026 19:31:55,21.02,,,,,
638,06/30/2026 19:32:25,21.02,,,,,
639,06/30/2026 19:32:55,21.06,,,,,
640,06/30/2026 19:33:25,20.98,,,,,
641,06/30/2026 19:33:55,20.98,,,,,
642,06/30/2026 19:34:25,20.98,,,,,
643,06/30/2026 19:34:55,20.98,,,,,
644,06/30/2026 19:35:25,20.98,,,,,
645,06/30/2026 19:35:55,20.93,,,,,
646,06/30/2026 19:36:25,20.93,,,,,
647,06/30/2026 19:36:55,20.93,,,,,
648,06/30/2026 19:37:25,20.93,,,,,
649,06/30/2026 19:37:55,20.98,,,,,
650,06/30/2026 19:38:25,20.93,,,,,
651,06/30/2026 19:38:55,20.93,,,,,
652,06/30/2026 19:39:25,20.89,,,,,
653,06/30/2026 19:39:55,20.93,,,,,
654,06/30/2026 19:40:25,20.93,,,,,
655,06/30/2026 19:40:55,20.89,,,,,
656,06/30/2026 19:41:25,20.89,,,,,
657,06/30/2026 19:41:55,20.89,,,,,
658,06/30/2026 19:42:25,20.89,,,,,
659,06/30/2026 19:42:55,20.89,,,,,
660,06/30/2026 19:43:25,20.89,,,,,
661,06/30/2026 19:43:55,20.85,,,,,
662,06/30/2026 19:44:25,20.89,,,,,
663,06/30/2026 19:44:55,20.85,,,,,
664,06/30/2026 19:45:25,20.93,,,,,
665,06/30/2026 19:45:55,20.93,,,,,
666,06/30/2026 19:46:25,20.93,,,,,
667,06/30/2026 19:46:55,20.93,,,,,
668,06/30/2026 19:47:25,20.93,,,,,
669,06/30/2026 19:47:55,20.93,,,,,
670,06/30/2026 19:48:25,20.98,,,,,
671,06/30/2026 19:48:55,21.02,,,,,
672,06/30/2026 19:49:25,21.02,,,,,
673,06/30/2026 19:49:55,20.98,,,,,
674,06/30/2026 19:50:25,20.98,,,,,
675,06/30/2026 19:50:55,21.02,,,,,
676,06/30/2026 19:51:25,20.98,,,,,
677,06/30/2026 19:51:55,20.93,,,,,
678,06/30/2026 19:52:25,20.98,,,,,
679,06/30/2026 19:52:55,20.98,,,,,
680,06/30/2026 19:53:25,20.98,,,,,
681,06/30/2026 19:53:55,21.02,,,,,
682,06/30/2026 19:54:25,21.02,,,,,
683,06/30/2026 19:54:55,20.98,,,,,
684,06/30/2026 19:55:25,20.98,,,,,
685,06/30/2026 19:55:55,20.98,,,,,
686,06/30/2026 19:56:25,20.89,,,,,
687,06/30/2026 19:56:55,20.93,,,,,
688,06/30/2026 19:57:25,20.93,,,,,
689,06/30/2026 19:57:55,20.93,,,,,
690,06/30/2026 19:58:25,20.89,,,,,
691,06/30/2026 19:58:55,20.89,,,,,
692,06/30/2026 19:59:25,20.93,,,,,
693,06/30/2026 19:59:55,20.89,,,,,
694,06/30/2026 20:00:25,20.93,,,,,
695,06/30/2026 20:00:55,20.89,,,,,
696,06/30/2026 20:01:25,20.89,,,,,
697,06/30/2026 20:01:55,20.85,,,,,
698,06/30/2026 20:02:25,20.89,,,,,
699,06/30/2026 20:02:55,20.89,,,,,
700,06/30/2026 20:03:25,20.93,,,,,
701,06/30/2026 20:03:55,20.89,,,,,
702,06/30/2026 20:04:25,20.93,,,,,
703,06/30/2026 20:04:55,20.98,,,,,
704,06/30/2026 20:05:25,20.93,,,,,
705,06/30/2026 20:05:55,20.93,,,,,
706,06/30/2026 20:06:25,20.98,,,,,
707,06/30/2026 20:06:55,20.98,,,,,
708,06/30/2026 20:07:25,20.98,,,,,
709,06/30/2026 20:07:55,20.98,,,,,
710,06/30/2026 20:08:25,21.02,,,,,
711,06/30/2026 20:08:55,20.98,,,,,
712,06/30/2026 20:09:25,21.02,,,,,
713,06/30/2026 20:09:55,21.02,,,,,
714,06/30/2026 20:10:25,20.93,,,,,
715,06/30/2026 20:10:55,21.02,,,,,
716,06/30/2026 20:11:25,20.98,,,,,
717,06/30/2026 20:11:55,20.93,,,,,
718,06/30/2026 20:12:25,20.93,,,,,
719,06/30/2026 20:12:55,20.98,,,,,
720,06/30/2026 20:13:25,20.98,,,,,
721,06/30/2026 20:13:55,20.93,,,,,
722,06/30/2026 20:14:25,20.93,,,,,
723,06/30/2026 20:14:55,20.93,,,,,
724,06/30/2026 20:15:25,20.93,,,,,
725,06/30/2026 20:15:55,20.85,,,,,
726,06/30/2026 20:16:25,20.89,,,,,
727,06/30/2026 20:16:55,20.93,,,,,
728,06/30/2026 20:17:25,20.93,,,,,
729,06/30/2026 20:17:55,20.93,,,,,
730,06/30/2026 20:18:25,20.93,,,,,
731,06/30/2026 20:18:55,20.98,,,,,
732,06/30/2026 20:19:25,20.93,,,,,
733,06/30/2026 20:19:55,21.02,,,,,
734,06/30/2026 20:20:25,20.98,,,,,
735,06/30/2026 20:20:55,20.98,,,,,
736,06/30/2026 20:21:25,20.98,,,,,
737,06/30/2026 20:21:55,21.06,,,,,
738,06/30/2026 20:22:25,21.02,,,,,
739,06/30/2026 20:22:55,21.02,,,,,
740,06/30/2026 20:23:25,21.06,,,,,
741,06/30/2026 20:23:55,21.06,,,,,
742,06/30/2026 20:24:25,21.02,,,,,
743,06/30/2026 20:24:55,21.02,,,,,
744,06/30/2026 20:25:25,21.02,,,,,
745,06/30/2026 20:25:55,21.06,,,,,
746,06/30/2026 20:26:25,21.02,,,,,
747,06/30/2026 20:26:55,21.02,,,,,
748,06/30/2026 20:27:25,21.02,,,,,
749,06/30/2026 20:27:55,20.98,,,,,
750,06/30/2026 20:28:25,21.02,,,,,
751,06/30/2026 20:28:55,20.98,,,,,
752,06/30/2026 20:29:25,20.93,,,,,
753,06/30/2026 20:29:55,20.98,,,,,
754,06/30/2026 20:30:25,20.98,,,,,
755,06/30/2026 20:30:55,20.93,,,,,
756,06/30/2026 20:31:25,20.98,,,,,
757,06/30/2026 20:31:55,20.89,,,,,
758,06/30/2026 20:32:25,20.98,,,,,
759,06/30/2026 20:32:55,20.93,,,,,
760,06/30/2026 20:33:25,20.93,,,,,
761,06/30/2026 20:33:55,20.89,,,,,
762,06/30/2026 20:34:25,20.89,,,,,
763,06/30/2026 20:34:55,20.89,,,,,
764,06/30/2026 20:35:25,20.89,,,,,
765,06/30/2026 20:35:55,20.89,,,,,
766,06/30/2026 20:36:25,20.85,,,,,
767,06/30/2026 20:36:55,20.85,,,,,
768,06/30/2026 20:37:25,20.89,,,,,
769,06/30/2026 20:37:55,20.89,,,,,
770,06/30/2026 20:38:25,20.89,,,,,
771,06/30/2026 20:38:55,20.89,,,,,
772,06/30/2026 20:39:25,20.89,,,,,
773,06/30/2026 20:39:55,20.89,,,,,
774,06/30/2026 20:40:25,20.89,,,,,
775,06/30/2026 20:40:55,20.89,,,,,
776,06/30/2026 20:41:25,20.93,,,,,
777,06/30/2026 20:41:55,20.93,,,,,
778,06/30/2026 20:42:25,20.85,,,,,
779,06/30/2026 20:42:55,20.89,,,,,
780,06/30/2026 20:43:25,20.89,,,,,
781,06/30/2026 20:43:55,20.93,,,,,
782,06/30/2026 20:44:25,20.98,,,,,
783,06/30/2026 20:44:55,20.98,,,,,
784,06/30/2026 20:45:25,20.93,,,,,
785,06/30/2026 20:45:55,20.98,,,,,
786,06/30/2026 20:46:25,20.98,,,,,
787,06/30/2026 20:46:55,20.98,,,,,
788,06/30/2026 20:47:25,20.93,,,,,
789,06/30/2026 20:47:55,20.98,,,,,
790,06/30/2026 20:48:25,20.98,,,,,
791,06/30/2026 20:48:55,20.98,,,,,
792,06/30/2026 20:49:25,20.93,,,,,
793,06/30/2026 20:49:55,20.89,,,,,
794,06/30/2026 20:50:25,20.93,,,,,
795,06/30/2026 20:50:55,20.89,,,,,
796,06/30/2026 20:51:25,20.89,,,,,
797,06/30/2026 20:51:55,20.89,,,,,
798,06/30/2026 20:52:25,20.89,,,,,
799,06/30/2026 20:52:55,20.80,,,,,
800,06/30/2026 20:53:25,20.85,,,,,
801,06/30/2026 20:53:55,20.89,,,,,
802,06/30/2026 20:54:25,20.80,,,,,
803,06/30/2026 20:54:55,20.80,,,,,
804,06/30/2026 20:55:25,20.80,,,,,
805,06/30/2026 20:55:55,20.80,,,,,
806,06/30/2026 20:56:25,20.80,,,,,
807,06/30/2026 20:56:55,20.76,,,,,
808,06/30/2026 20:57:25,20.80,,,,,
809,06/30/2026 20:57:55,20.76,,,,,
810,06/30/2026 20:58:25,20.76,,,,,
811,06/30/2026 20:58:55,20.76,,,,,
812,06/30/2026 20:59:25,20.76,,,,,
813,06/30/2026 20:59:55,20.76,,,,,
814,06/30/2026 21:00:25,20.72,,,,,
815,06/30/2026 21:00:55,20.72,,,,,
816,06/30/2026 21:01:25,20.76,,,,,
817,06/30/2026 21:01:55,20.76,,,,,
818,06/30/2026 21:02:25,20.76,,,,,
819,06/30/2026 21:02:55,20.76,,,,,
820,06/30/2026 21:03:25,20.76,,,,,
821,06/30/2026 21:03:55,20.80,,,,,
822,06/30/2026 21:04:25,20.85,,,,,
823,06/30/2026 21:04:55,20.85,,,,,
824,06/30/2026 21:05:25,20.80,,,,,
825,06/30/2026 21:05:55,20.85,,,,,
826,06/30/2026 21:06:25,20.89,,,,,
827,06/30/2026 21:06:55,20.85,,,,,
828,06/30/2026 21:07:25,20.93,,,,,
829,06/30/2026 21:07:55,20.89,,,,,
830,06/30/2026 21:08:25,20.89,,,,,
831,06/30/2026 21:08:55,20.89,,,,,
832,06/30/2026 21:09:25,20.93,,,,,
833,06/30/2026 21:09:55,20.93,,,,,
834,06/30/2026 21:10:25,20.98,,,,,
835,06/30/2026 21:10:55,20.98,,,,,
836,06/30/2026 21:11:25,20.98,,,,,
837,06/30/2026 21:11:55,20.98,,,,,
838,06/30/2026 21:12:25,20.93,,,,,
839,06/30/2026 21:12:55,20.93,,,,,
840,06/30/2026 21:13:25,20.93,,,,,
841,06/30/2026 21:13:55,20.98,,,,,
842,06/30/2026 21:14:25,20.93,,,,,
843,06/30/2026 21:14:55,20.93,,,,,
844,06/30/2026 21:15:25,20.93,,,,,
845,06/30/2026 21:15:55,20.93,,,,,
846,06/30/2026 21:16:25,20.93,,,,,
847,06/30/2026 21:16:55,20.93,,,,,
848,06/30/2026 21:17:25,20.89,,,,,
849,06/30/2026 21:17:55,20.89,,,,,
850,06/30/2026 21:18:25,20.89,,,,,
851,06/30/2026 21:18:55,20.85,,,,,
852,06/30/2026 21:19:25,20.89,,,,,
853,06/30/2026 21:19:55,20.89,,,,,
854,06/30/2026 21:20:25,20.85,,,,,
855,06/30/2026 21:20:55,20.80,,,,,
856,06/30/2026 21:21:25,20.80,,,,,
857,06/30/2026 21:21:55,20.85,,,,,
858,06/30/2026 21:22:25,20.85,,,,,
859,06/30/2026 21:22:55,20.85,,,,,
860,06/30/2026 21:23:25,20.85,,,,,
861,06/30/2026 21:23:55,20.89,,,,,
862,06/30/2026 21:24:25,20.85,,,,,
863,06/30/2026 21:24:55,20.89,,,,,
864,06/30/2026 21:25:25,20.89,,,,,
865,06/30/2026 21:25:55,20.89,,,,,
866,06/30/2026 21:26:25,20.85,,,,,
867,06/30/2026 21:26:55,20.93,,,,,
868,06/30/2026 21:27:25,20.93,,,,,
869,06/30/2026 21:27:55,20.93,,,,,
870,06/30/2026 21:28:25,20.93,,,,,
871,06/30/2026 21:28:55,20.93,,,,,
872,06/30/2026 21:29:25,20.98,,,,,
873,06/30/2026 21:29:55,20.93,,,,,
874,06/30/2026 21:30:25,20.93,,,,,
875,06/30/2026 21:30:55,20.93,,,,,
876,06/30/2026 21:31:25,20.93,,,,,
877,06/30/2026 21:31:55,20.89,,,,,
878,06/30/2026 21:32:25,20.89,,,,,
879,06/30/2026 21:32:55,20.98,,,,,
880,06/30/2026 21:33:25,20.93,,,,,
881,06/30/2026 21:33:55,20.93,,,,,
882,06/30/2026 21:34:25,20.89,,,,,
883,06/30/2026 21:34:55,20.89,,,,,
884,06/30/2026 21:35:25,20.89,,,,,
885,06/30/2026 21:35:55,20.93,,,,,
886,06/30/2026 21:36:25,20.89,,,,,
887,06/30/2026 21:36:55,20.80,,,,,
888,06/30/2026 21:37:25,20.85,,,,,
889,06/30/2026 21:37:55,20.80,,,,,
890,06/30/2026 21:38:25,20.80,,,,,
891,06/30/2026 21:38:55,20.80,,,,,
892,06/30/2026 21:39:25,20.76,,,,,
893,06/30/2026 21:39:55,20.76,,,,,
894,06/30/2026 21:40:25,20.76,,,,,
895,06/30/2026 21:40:55,20.76,,,,,
896,06/30/2026 21:41:25,20.76,,,,,
897,06/30/2026 21:41:55,20.76,,,,,
898,06/30/2026 21:42:25,20.76,,,,,
899,06/30/2026 21:42:55,20.76,,,,,
900,06/30/2026 21:43:25,20.76,,,,,
901,06/30/2026 21:43:55,20.76,,,,,
902,06/30/2026 21:44:25,20.76,,,,,
903,06/30/2026 21:44:55,20.80,,,,,
904,06/30/2026 21:45:25,20.76,,,,,
905,06/30/2026 21:45:55,20.85,,,,,
906,06/30/2026 21:46:25,20.76,,,,,
907,06/30/2026 21:46:55,20.76,,,,,
908,06/30/2026 21:47:25,20.80,,,,,
909,06/30/2026 21:47:55,20.85,,,,,
910,06/30/2026 21:48:25,20.80,,,,,
911,06/30/2026 21:48:55,20.85,,,,,
912,06/30/2026 21:49:25,20.85,,,,,
913,06/30/2026 21:49:55,20.85,,,,,
914,06/30/2026 21:50:25,20.85,,,,,
915,06/30/2026 21:50:55,20.85,,,,,
916,06/30/2026 21:51:25,20.93,,,,,
917,06/30/2026 21:51:55,20.89,,,,,
918,06/30/2026 21:52:25,20.89,,,,,
919,06/30/2026 21:52:55,20.93,,,,,
920,06/30/2026 21:53:25,20.89,,,,,
921,06/30/2026 21:53:55,20.89,,,,,
922,06/30/2026 21:54:25,20.93,,,,,
923,06/30/2026 21:54:55,20.93,,,,,
924,06/30/2026 21:55:25,20.98,,,,,
925,06/30/2026 21:55:55,20.93,,,,,
926,06/30/2026 21:56:25,20.98,,,,,
927,06/30/2026 21:56:55,20.98,,,,,
928,06/30/2026 21:57:25,20.93,,,,,
929,06/30/2026 21:57:55,20.93,,,,,
930,06/30/2026 21:58:25,20.89,,,,,
931,06/30/2026 21:58:55,20.89,,,,,
932,06/30/2026 21:59:25,20.89,,,,,
933,06/30/2026 21:59:55,20.89,,,,,
934,06/30/2026 22:00:25,20.85,,,,,
935,06/30/2026 22:00:55,20.85,,,,,
936,06/30/2026 22:01:25,20.85,,,,,
937,06/30/2026 22:01:55,20.85,,,,,
938,06/30/2026 22:02:25,20.85,,,,,
939,06/30/2026 22:02:55,20.89,,,,,
940,06/30/2026 22:03:25,20.85,,,,,
941,06/30/2026 22:03:55,20.85,,,,,
942,06/30/2026 22:04:25,20.85,,,,,
943,06/30/2026 22:04:55,20.89,,,,,
944,06/30/2026 22:05:25,20.89,,,,,
945,06/30/2026 22:05:55,20.89,,,,,
946,06/30/2026 22:06:25,20.85,,,,,
947,06/30/2026 22:06:55,20.85,,,,,
948,06/30/2026 22:07:25,20.80,,,,,
949,06/30/2026 22:07:55,20.85,,,,,
950,06/30/2026 22:08:25,20.89,,,,,
951,06/30/2026 22:08:55,20.85,,,,,
952,06/30/2026 22:09:25,20.80,,,,,
953,06/30/2026 22:09:55,20.85,,,,,
954,06/30/2026 22:10:25,20.80,,,,,
955,06/30/2026 22:10:55,20.85,,,,,
956,06/30/2026 22:11:25,20.89,,,,,
957,06/30/2026 22:11:55,20.89,,,,,
958,06/30/2026 22:12:25,20.80,,,,,
959,06/30/2026 22:12:55,20.85,,,,,
960,06/30/2026 22:13:25,20.85,,,,,
961,06/30/2026 22:13:55,20.85,,,,,
962,06/30/2026 22:14:25,20.80,,,,,
963,06/30/2026 22:14:55,20.89,,,,,
964,06/30/2026 22:15:25,20.80,,,,,
965,06/30/2026 22:15:55,20.80,,,,,
966,06/30/2026 22:16:25,20.80,,,,,
967,06/30/2026 22:16:55,20.85,,,,,
968,06/30/2026 22:17:25,20.76,,,,,
969,06/30/2026 22:17:55,20.76,,,,,
970,06/30/2026 22:18:25,20.85,,,,,
971,06/30/2026 22:18:55,20.76,,,,,
972,06/30/2026 22:19:25,20.80,,,,,
973,06/30/2026 22:19:55,20.76,,,,,
974,06/30/2026 22:20:25,20.76,,,,,
975,06/30/2026 22:20:55,20.80,,,,,
976,06/30/2026 22:21:25,20.76,,,,,
977,06/30/2026 22:21:55,20.80,,,,,
978,06/30/2026 22:22:25,20.76,,,,,
979,06/30/2026 22:22:55,20.85,,,,,
980,06/30/2026 22:23:25,20.85,,,,,
981,06/30/2026 22:23:55,20.80,,,,,
982,06/30/2026 22:24:25,20.85,,,,,
983,06/30/2026 22:24:55,20.80,,,,,
984,06/30/2026 22:25:25,20.80,,,,,
985,06/30/2026 22:25:55,20.85,,,,,
986,06/30/2026 22:26:25,20.85,,,,,
987,06/30/2026 22:26:55,20.85,,,,,
988,06/30/2026 22:27:25,20.85,,,,,
989,06/30/2026 22:27:55,20.89,,,,,
990,06/30/2026 22:28:25,20.85,,,,,
991,06/30/2026 22:28:55,20.85,,,,,
992,06/30/2026 22:29:25,20.85,,,,,
993,06/30/2026 22:29:55,20.85,,,,,
994,06/30/2026 22:30:25,20.89,,,,,
995,06/30/2026 22:30:55,20.89,,,,,
996,06/30/2026 22:31:25,20.89,,,,,
997,06/30/2026 22:31:55,20.85,,,,,
998,06/30/2026 22:32:25,20.89,,,,,
999,06/30/2026 22:32:55,20.80,,,,,
1000,06/30/2026 22:33:25,20.89,,,,,
1001,06/30/2026 22:33:55,20.85,,,,,
1002,06/30/2026 22:34:25,20.93,,,,,
1003,06/30/2026 22:34:55,20.89,,,,,
1004,06/30/2026 22:35:25,20.89,,,,,
1005,06/30/2026 22:35:55,20.89,,,,,
1006,06/30/2026 22:36:25,20.85,,,,,
1007,06/30/2026 22:36:55,20.89,,,,,
1008,06/30/2026 22:37:25,20.80,,,,,
1009,06/30/2026 22:37:55,20.89,,,,,
1010,06/30/2026 22:38:25,20.85,,,,,
1011,06/30/2026 22:38:55,20.80,,,,,
1012,06/30/2026 22:39:25,20.85,,,,,
1013,06/30/2026 22:39:55,20.76,,,,,
1014,06/30/2026 22:40:25,20.80,,,,,
1015,06/30/2026 22:40:55,20.85,,,,,
1016,06/30/2026 22:41:25,20.76,,,,,
1017,06/30/2026 22:41:55,20.76,,,,,
1018,06/30/2026 22:42:25,20.72,,,,,
1019,06/30/2026 22:42:55,20.76,,,,,
1020,06/30/2026 22:43:25,20.76,,,,,
1021,06/30/2026 22:43:55,20.68,,,,,
1022,06/30/2026 22:44:25,20.72,,,,,
1023,06/30/2026 22:44:55,20.76,,,,,
1024,06/30/2026 22:45:25,20.76,,,,,
1025,06/30/2026 22:45:55,20.72,,,,,
1026,06/30/2026 22:46:25,20.72,,,,,
1027,06/30/2026 22:46:55,20.76,,,,,
1028,06/30/2026 22:47:25,20.72,,,,,
1029,06/30/2026 22:47:55,20.76,,,,,
1030,06/30/2026 22:48:25,20.72,,,,,
1031,06/30/2026 22:48:55,20.72,,,,,
1032,06/30/2026 22:49:25,20.72,,,,,
1033,06/30/2026 22:49:55,20.72,,,,,
1034,06/30/2026 22:50:25,20.76,,,,,
1035,06/30/2026 22:50:55,20.76,,,,,
1036,06/30/2026 22:51:25,20.76,,,,,
1037,06/30/2026 22:51:55,20.72,,,,,
1038,06/30/2026 22:52:25,20.76,,,,,
1039,06/30/2026 22:52:55,20.76,,,,,
1040,06/30/2026 22:53:25,20.76,,,,,
1041,06/30/2026 22:53:55,20.76,,,,,
1042,06/30/2026 22:54:25,20.76,,,,,
1043,06/30/2026 22:54:55,20.76,,,,,
1044,06/30/2026 22:55:25,20.76,,,,,
1045,06/30/2026 22:55:55,20.76,,,,,
1046,06/30/2026 22:56:25,20.76,,,,,
1047,06/30/2026 22:56:55,20.80,,,,,
1048,06/30/2026 22:57:25,20.76,,,,,
1049,06/30/2026 22:57:55,20.85,,,,,
1050,06/30/2026 22:58:25,20.80,,,,,
1051,06/30/2026 22:58:55,20.80,,,,,
1052,06/30/2026 22:59:25,20.80,,,,,
1053,06/30/2026 22:59:55,20.80,,,,,
1054,06/30/2026 23:00:25,20.80,,,,,
1055,06/30/2026 23:00:55,20.80,,,,,
1056,06/30/2026 23:01:25,20.80,,,,,
1057,06/30/2026 23:01:55,20.85,,,,,
1058,06/30/2026 23:02:25,20.85,,,,,
1059,06/30/2026 23:02:55,20.80,,,,,
1060,06/30/2026 23:03:25,20.85,,,,,
1061,06/30/2026 23:03:55,20.85,,,,,
1062,06/30/2026 23:04:25,20.85,,,,,
1063,06/30/2026 23:04:55,20.85,,,,,
1064,06/30/2026 23:05:25,20.85,,,,,
1065,06/30/2026 23:05:55,20.89,,,,,
1066,06/30/2026 23:06:25,20.85,,,,,
1067,06/30/2026 23:06:55,20.89,,,,,
1068,06/30/2026 23:07:25,20.85,,,,,
1069,06/30/2026 23:07:55,20.89,,,,,
1070,06/30/2026 23:08:25,20.85,,,,,
1071,06/30/2026 23:08:55,20.89,,,,,
1072,06/30/2026 23:09:25,20.89,,,,,
1073,06/30/2026 23:09:55,20.89,,,,,
1074,06/30/2026 23:10:25,20.89,,,,,
1075,06/30/2026 23:10:55,20.89,,,,,
1076,06/30/2026 23:11:25,20.89,,,,,
1077,06/30/2026 23:11:55,20.93,,,,,
1078,06/30/2026 23:12:25,20.89,,,,,
1079,06/30/2026 23:12:55,20.89,,,,,
1080,06/30/2026 23:13:25,20.93,,,,,
1081,06/30/2026 23:13:55,20.93,,,,,
1082,06/30/2026 23:14:25,20.93,,,,,
1083,06/30/2026 23:14:55,20.89,,,,,
1084,06/30/2026 23:15:25,20.93,,,,,
1085,06/30/2026 23:15:55,20.89,,,,,
1086,06/30/2026 23:16:25,20.98,,,,,
1087,06/30/2026 23:16:55,20.93,,,,,
1088,06/30/2026 23:17:25,20.93,,,,,
1089,06/30/2026 23:17:55,20.98,,,,,
1090,06/30/2026 23:18:25,20.89,,,,,
1091,06/30/2026 23:18:55,20.93,,,,,
1092,06/30/2026 23:19:25,20.93,,,,,
1093,06/30/2026 23:19:55,20.93,,,,,
1094,06/30/2026 23:20:25,20.98,,,,,
1095,06/30/2026 23:20:55,20.93,,,,,
1096,06/30/2026 23:21:25,20.98,,,,,
1097,06/30/2026 23:21:55,20.98,,,,,
1098,06/30/2026 23:22:25,20.98,,,,,
1099,06/30/2026 23:22:55,20.98,,,,,
1100,06/30/2026 23:23:25,20.89,,,,,
1101,06/30/2026 23:23:55,20.98,,,,,
1102,06/30/2026 23:24:25,20.93,,,,,
1103,06/30/2026 23:24:55,20.93,,,,,
1104,06/30/2026 23:25:25,20.93,,,,,
1105,06/30/2026 23:25:55,20.89,,,,,
1106,06/30/2026 23:26:25,20.93,,,,,
1107,06/30/2026 23:26:55,20.89,,,,,
1108,06/30/2026 23:27:25,20.93,,,,,
1109,06/30/2026 23:27:55,20.93,,,,,
1110,06/30/2026 23:28:25,20.93,,,,,
1111,06/30/2026 23:28:55,20.93,,,,,
1112,06/30/2026 23:29:25,20.98,,,,,
1113,06/30/2026 23:29:55,20.89,,,,,
1114,06/30/2026 23:30:25,20.93,,,,,
1115,06/30/2026 23:30:55,20.93,,,,,
1116,06/30/2026 23:31:25,20.89,,,,,
1117,06/30/2026 23:31:55,20.89,,,,,
1118,06/30/2026 23:32:25,20.93,,,,,
1119,06/30/2026 23:32:55,20.89,,,,,
1120,06/30/2026 23:33:25,20.89,,,,,
1121,06/30/2026 23:33:55,20.89,,,,,
1122,06/30/2026 23:34:25,20.89,,,,,
1123,06/30/2026 23:34:55,20.93,,,,,
1124,06/30/2026 23:35:25,20.89,,,,,
1125,06/30/2026 23:35:55,20.89,,,,,
1126,06/30/2026 23:36:25,20.89,,,,,
1127,06/30/2026 23:36:55,20.89,,,,,
1128,06/30/2026 23:37:25,20.93,,,,,
1129,06/30/2026 23:37:55,20.93,,,,,
1130,06/30/2026 23:38:25,20.89,,,,,
1131,06/30/2026 23:38:55,20.93,,,,,
1132,06/30/2026 23:39:25,20.98,,,,,
1133,06/30/2026 23:39:55,20.93,,,,,
1134,06/30/2026 23:40:25,20.89,,,,,
1135,06/30/2026 23:40:55,20.93,,,,,
1136,06/30/2026 23:41:25,20.93,,,,,
1137,06/30/2026 23:41:55,20.89,,,,,
1138,06/30/2026 23:42:25,20.89,,,,,
1139,06/30/2026 23:42:55,20.85,,,,,
1140,06/30/2026 23:43:25,20.89,,,,,
1141,06/30/2026 23:43:55,20.85,,,,,
1142,06/30/2026 23:44:25,20.89,,,,,
1143,06/30/2026 23:44:55,20.85,,,,,
1144,06/30/2026 23:45:25,20.89,,,,,
1145,06/30/2026 23:45:55,20.85,,,,,
1146,06/30/2026 23:46:25,20.89,,,,,
1147,06/30/2026 23:46:55,20.89,,,,,
1148,06/30/2026 23:47:25,20.89,,,,,
1149,06/30/2026 23:47:55,20.89,,,,,
1150,06/30/2026 23:48:25,20.89,,,,,
1151,06/30/2026 23:48:55,20.89,,,,,
1152,06/30/2026 23:49:25,20.89,,,,,
1153,06/30/2026 23:49:55,20.85,,,,,
1154,06/30/2026 23:50:25,20.85,,,,,
1155,06/30/2026 23:50:55,20.93,,,,,
1156,06/30/2026 23:51:25,20.89,,,,,
1157,06/30/2026 23:51:55,20.89,,,,,
1158,06/30/2026 23:52:25,20.89,,,,,
1159,06/30/2026 23:52:55,20.89,,,,,
1160,06/30/2026 23:53:25,20.89,,,,,
1161,06/30/2026 23:53:55,20.89,,,,,
1162,06/30/2026 23:54:25,20.89,,,,,
1163,06/30/2026 23:54:55,20.89,,,,,
1164,06/30/2026 23:55:25,20.93,,,,,
1165,06/30/2026 23:55:55,20.89,,,,,
1166,06/30/2026 23:56:25,20.85,,,,,
1167,06/30/2026 23:56:55,20.93,,,,,
1168,06/30/2026 23:57:25,20.89,,,,,
1169,06/30/2026 23:57:55,20.89,,,,,
1170,06/30/2026 23:58:25,20.89,,,,,
1171,06/30/2026 23:58:55,20.85,,,,,
1172,06/30/2026 23:59:25,20.89,,,,,
1173,06/30/2026 23:59:55,20.89,,,,,
1174,07/01/2026 00:00:25,20.89,,,,,
1175,07/01/2026 00:00:55,20.89,,,,,
1176,07/01/2026 00:01:25,20.85,,,,,
1177,07/01/2026 00:01:55,20.93,,,,,
1178,07/01/2026 00:02:25,20.89,,,,,
1179,07/01/2026 00:02:55,20.85,,,,,
1180,07/01/2026 00:03:25,20.85,,,,,
1181,07/01/2026 00:03:55,20.89,,,,,
1182,07/01/2026 00:04:25,20.89,,,,,
1183,07/01/2026 00:04:55,20.93,,,,,
1184,07/01/2026 00:05:25,20.89,,,,,
1185,07/01/2026 00:05:55,20.85,,,,,
1186,07/01/2026 00:06:25,20.89,,,,,
1187,07/01/2026 00:06:55,20.89,,,,,
1188,07/01/2026 00:07:25,20.85,,,,,
1189,07/01/2026 00:07:55,20.93,,,,,
1190,07/01/2026 00:08:25,20.89,,,,,
1191,07/01/2026 00:08:55,20.89,,,,,
1192,07/01/2026 00:09:25,20.85,,,,,
1193,07/01/2026 00:09:55,20.89,,,,,
1194,07/01/2026 00:10:25,20.89,,,,,
1195,07/01/2026 00:10:55,20.85,,,,,
1196,07/01/2026 00:11:25,20.89,,,,,
1197,07/01/2026 00:11:55,20.89,,,,,
1198,07/01/2026 00:12:25,20.89,,,,,
1199,07/01/2026 00:12:55,20.89,,,,,
1200,07/01/2026 00:13:25,20.89,,,,,
1201,07/01/2026 00:13:55,20.89,,,,,
1202,07/01/2026 00:14:25,20.89,,,,,
1203,07/01/2026 00:14:55,20.89,,,,,
1204,07/01/2026 00:15:25,20.89,,,,,
1205,07/01/2026 00:15:55,20.85,,,,,
1206,07/01/2026 00:16:25,20.89,,,,,
1207,07/01/2026 00:16:55,20.98,,,,,
1208,07/01/2026 00:17:25,20.85,,,,,
1209,07/01/2026 00:17:55,20.89,,,,,
1210,07/01/2026 00:18:25,20.89,,,,,
1211,07/01/2026 00:18:55,20.89,,,,,
1212,07/01/2026 00:19:25,20.89,,,,,
1213,07/01/2026 00:19:55,20.89,,,,,
1214,07/01/2026 00:20:25,20.85,,,,,
1215,07/01/2026 00:20:55,20.89,,,,,
1216,07/01/2026 00:21:25,20.85,,,,,
1217,07/01/2026 00:21:55,20.89,,,,,
1218,07/01/2026 00:22:25,20.89,,,,,
1219,07/01/2026 00:22:55,20.89,,,,,
1220,07/01/2026 00:23:25,20.89,,,,,
1221,07/01/2026 00:23:55,20.89,,,,,
1222,07/01/2026 00:24:25,20.85,,,,,
1223,07/01/2026 00:24:55,20.89,,,,,
1224,07/01/2026 00:25:25,20.89,,,,,
1225,07/01/2026 00:25:55,20.85,,,,,
1226,07/01/2026 00:26:25,20.89,,,,,
1227,07/01/2026 00:26:55,20.85,,,,,
1228,07/01/2026 00:27:25,20.89,,,,,
1229,07/01/2026 00:27:55,20.89,,,,,
1230,07/01/2026 00:28:25,20.89,,,,,
1231,07/01/2026 00:28:55,20.85,,,,,
1232,07/01/2026 00:29:25,20.89,,,,,
1233,07/01/2026 00:29:55,20.85,,,,,
1234,07/01/2026 00:30:25,20.89,,,,,
1235,07/01/2026 00:30:55,20.89,,,,,
1236,07/01/2026 00:31:25,20.89,,,,,
1237,07/01/2026 00:31:55,20.89,,,,,
1238,07/01/2026 00:32:25,20.89,,,,,
1239,07/01/2026 00:32:55,20.93,,,,,
1240,07/01/2026 00:33:25,20.80,,,,,
1241,07/01/2026 00:33:55,20.89,,,,,
1242,07/01/2026 00:34:25,20.89,,,,,
1243,07/01/2026 00:34:55,20.89,,,,,
1244,07/01/2026 00:35:25,20.89,,,,,
1245,07/01/2026 00:35:55,20.89,,,,,
1246,07/01/2026 00:36:25,20.85,,,,,
1247,07/01/2026 00:36:55,20.93,,,,,
1248,07/01/2026 00:37:25,20.85,,,,,
1249,07/01/2026 00:37:55,20.89,,,,,
1250,07/01/2026 00:38:25,20.89,,,,,
1251,07/01/2026 00:38:55,20.85,,,,,
1252,07/01/2026 00:39:25,20.85,,,,,
1253,07/01/2026 00:39:55,20.85,,,,,
1254,07/01/2026 00:40:25,20.85,,,,,
1255,07/01/2026 00:40:55,20.89,,,,,
1256,07/01/2026 00:41:25,20.93,,,,,
1257,07/01/2026 00:41:55,20.85,,,,,
1258,07/01/2026 00:42:25,20.89,,,,,
1259,07/01/2026 00:42:55,20.85,,,,,
1260,07/01/2026 00:43:25,20.85,,,,,
1261,07/01/2026 00:43:55,20.85,,,,,
1262,07/01/2026 00:44:25,20.85,,,,,
1263,07/01/2026 00:44:55,20.85,,,,,
1264,07/01/2026 00:45:25,20.89,,,,,
1265,07/01/2026 00:45:55,20.85,,,,,
1266,07/01/2026 00:46:25,20.85,,,,,
1267,07/01/2026 00:46:55,20.89,,,,,
1268,07/01/2026 00:47:25,20.85,,,,,
1269,07/01/2026 00:47:55,20.89,,,,,
1270,07/01/2026 00:48:25,20.80,,,,,
1271,07/01/2026 00:48:55,20.85,,,,,
1272,07/01/2026 00:49:25,20.85,,,,,
1273,07/01/2026 00:49:55,20.85,,,,,
1274,07/01/2026 00:50:25,20.89,,,,,
1275,07/01/2026 00:50:55,20.89,,,,,
1276,07/01/2026 00:51:25,20.89,,,,,
1277,07/01/2026 00:51:55,20.85,,,,,
1278,07/01/2026 00:52:25,20.89,,,,,
1279,07/01/2026 00:52:55,20.85,,,,,
1280,07/01/2026 00:53:25,20.85,,,,,
1281,07/01/2026 00:53:55,20.85,,,,,
1282,07/01/2026 00:54:25,20.85,,,,,
1283,07/01/2026 00:54:55,20.85,,,,,
1284,07/01/2026 00:55:25,20.89,,,,,
1285,07/01/2026 00:55:55,20.85,,,,,
1286,07/01/2026 00:56:25,20.89,,,,,
1287,07/01/2026 00:56:55,20.89,,,,,
1288,07/01/2026 00:57:25,20.85,,,,,
1289,07/01/2026 00:57:55,20.89,,,,,
1290,07/01/2026 00:58:25,20.85,,,,,
1291,07/01/2026 00:58:55,20.89,,,,,
1292,07/01/2026 00:59:25,20.89,,,,,
1293,07/01/2026 00:59:55,20.89,,,,,
1294,07/01/2026 01:00:25,20.89,,,,,
1295,07/01/2026 01:00:55,20.85,,,,,
1296,07/01/2026 01:01:25,20.85,,,,,
1297,07/01/2026 01:01:55,20.89,,,,,
1298,07/01/2026 01:02:25,20.85,,,,,
1299,07/01/2026 01:02:55,20.89,,,,,
1300,07/01/2026 01:03:25,20.89,,,,,
1301,07/01/2026 01:03:55,20.80,,,,,
1302,07/01/2026 01:04:25,20.85,,,,,
1303,07/01/2026 01:04:55,20.85,,,,,
1304,07/01/2026 01:05:25,20.85,,,,,
1305,07/01/2026 01:05:55,20.80,,,,,
1306,07/01/2026 01:06:25,20.89,,,,,
1307,07/01/2026 01:06:55,20.85,,,,,
1308,07/01/2026 01:07:25,20.89,,,,,
1309,07/01/2026 01:07:55,20.85,,,,,
1310,07/01/2026 01:08:25,20.85,,,,,
1311,07/01/2026 01:08:55,20.85,,,,,
1312,07/01/2026 01:09:25,20.85,,,,,
1313,07/01/2026 01:09:55,20.89,,,,,
1314,07/01/2026 01:10:25,20.85,,,,,
1315,07/01/2026 01:10:55,20.89,,,,,
1316,07/01/2026 01:11:25,20.89,,,,,
1317,07/01/2026 01:11:55,20.85,,,,,
1318,07/01/2026 01:12:25,20.85,,,,,
1319,07/01/2026 01:12:55,20.85,,,,,
1320,07/01/2026 01:13:25,20.89,,,,,
1321,07/01/2026 01:13:55,20.85,,,,,
1322,07/01/2026 01:14:25,20.85,,,,,
1323,07/01/2026 01:14:55,20.89,,,,,
1324,07/01/2026 01:15:25,20.85,,,,,
1325,07/01/2026 01:15:55,20.89,,,,,
1326,07/01/2026 01:16:25,20.85,,,,,
1327,07/01/2026 01:16:55,20.89,,,,,
1328,07/01/2026 01:17:25,20.89,,,,,
1329,07/01/2026 01:17:55,20.89,,,,,
1330,07/01/2026 01:18:25,20.85,,,,,
1331,07/01/2026 01:18:55,20.89,,,,,
1332,07/01/2026 01:19:25,20.89,,,,,
1333,07/01/2026 01:19:55,20.85,,,,,
1334,07/01/2026 01:20:25,20.85,,,,,
1335,07/01/2026 01:20:55,20.85,,,,,
1336,07/01/2026 01:21:25,20.89,,,,,
1337,07/01/2026 01:21:55,20.85,,,,,
1338,07/01/2026 01:22:25,20.85,,,,,
1339,07/01/2026 01:22:55,20.89,,,,,
1340,07/01/2026 01:23:25,20.85,,,,,
1341,07/01/2026 01:23:55,20.85,,,,,
1342,07/01/2026 01:24:25,20.85,,,,,
1343,07/01/2026 01:24:55,20.85,,,,,
1344,07/01/2026 01:25:25,20.89,,,,,
1345,07/01/2026 01:25:55,20.85,,,,,
1346,07/01/2026 01:26:25,20.89,,,,,
1347,07/01/2026 01:26:55,20.80,,,,,
1348,07/01/2026 01:27:25,20.89,,,,,
1349,07/01/2026 01:27:55,20.89,,,,,
1350,07/01/2026 01:28:25,20.85,,,,,
1351,07/01/2026 01:28:55,20.89,,,,,
1352,07/01/2026 01:29:25,20.89,,,,,
1353,07/01/2026 01:29:55,20.89,,,,,
1354,07/01/2026 01:30:25,20.85,,,,,
1355,07/01/2026 01:30:55,20.85,,,,,
1356,07/01/2026 01:31:25,20.85,,,,,
1357,07/01/2026 01:31:55,20.93,,,,,
1358,07/01/2026 01:32:25,20.85,,,,,
1359,07/01/2026 01:32:55,20.85,,,,,
1360,07/01/2026 01:33:25,20.85,,,,,
1361,07/01/2026 01:33:55,20.85,,,,,
1362,07/01/2026 01:34:25,20.89,,,,,
1363,07/01/2026 01:34:55,20.89,,,,,
1364,07/01/2026 01:35:25,20.89,,,,,
1365,07/01/2026 01:35:55,20.89,,,,,
1366,07/01/2026 01:36:25,20.89,,,,,
1367,07/01/2026 01:36:55,20.89,,,,,
1368,07/01/2026 01:37:25,20.89,,,,,
1369,07/01/2026 01:37:55,20.85,,,,,
1370,07/01/2026 01:38:25,20.89,,,,,
1371,07/01/2026 01:38:55,20.89,,,,,
1372,07/01/2026 01:39:25,20.89,,,,,
1373,07/01/2026 01:39:55,20.89,,,,,
1374,07/01/2026 01:40:25,20.89,,,,,
1375,07/01/2026 01:40:55,20.89,,,,,
1376,07/01/2026 01:41:25,20.85,,,,,
1377,07/01/2026 01:41:55,20.89,,,,,
1378,07/01/2026 01:42:25,20.89,,,,,
1379,07/01/2026 01:42:55,20.89,,,,,
1380,07/01/2026 01:43:25,20.85,,,,,
1381,07/01/2026 01:43:55,20.89,,,,,
1382,07/01/2026 01:44:25,20.89,,,,,
1383,07/01/2026 01:44:55,20.93,,,,,
1384,07/01/2026 01:45:25,20.93,,,,,
1385,07/01/2026 01:45:55,20.85,,,,,
1386,07/01/2026 01:46:25,20.89,,,,,
1387,07/01/2026 01:46:55,20.93,,,,,
1388,07/01/2026 01:47:25,20.93,,,,,
1389,07/01/2026 01:47:55,20.89,,,,,
1390,07/01/2026 01:48:25,20.93,,,,,
1391,07/01/2026 01:48:55,20.93,,,,,
1392,07/01/2026 01:49:25,20.93,,,,,
1393,07/01/2026 01:49:55,20.98,,,,,
1394,07/01/2026 01:50:25,20.93,,,,,
1395,07/01/2026 01:50:55,20.93,,,,,
1396,07/01/2026 01:51:25,20.89,,,,,
1397,07/01/2026 01:51:55,20.93,,,,,
1398,07/01/2026 01:52:25,20.93,,,,,
1399,07/01/2026 01:52:55,20.98,,,,,
1400,07/01/2026 01:53:25,20.98,,,,,
1401,07/01/2026 01:53:55,20.98,,,,,
1402,07/01/2026 01:54:25,20.98,,,,,
1403,07/01/2026 01:54:55,21.02,,,,,
1404,07/01/2026 01:55:25,20.98,,,,,
1405,07/01/2026 01:55:55,20.98,,,,,
1406,07/01/2026 01:56:25,20.98,,,,,
1407,07/01/2026 01:56:55,21.02,,,,,
1408,07/01/2026 01:57:25,20.98,,,,,
1409,07/01/2026 01:57:55,20.98,,,,,
1410,07/01/2026 01:58:25,21.02,,,,,
1411,07/01/2026 01:58:55,20.98,,,,,
1412,07/01/2026 01:59:25,21.02,,,,,
1413,07/01/2026 01:59:55,21.02,,,,,
1414,07/01/2026 02:00:25,20.98,,,,,
1415,07/01/2026 02:00:55,21.02,,,,,
1416,07/01/2026 02:01:25,21.02,,,,,
1417,07/01/2026 02:01:55,20.98,,,,,
1418,07/01/2026 02:02:25,21.02,,,,,
1419,07/01/2026 02:02:55,21.02,,,,,
1420,07/01/2026 02:03:25,20.98,,,,,
1421,07/01/2026 02:03:55,21.06,,,,,
1422,07/01/2026 02:04:25,21.02,,,,,
1423,07/01/2026 02:04:55,21.06,,,,,
1424,07/01/2026 02:05:25,21.06,,,,,
1425,07/01/2026 02:05:55,21.06,,,,,
1426,07/01/2026 02:06:25,21.06,,,,,
1427,07/01/2026 02:06:55,21.06,,,,,
1428,07/01/2026 02:07:25,21.06,,,,,
1429,07/01/2026 02:07:55,21.10,,,,,
1430,07/01/2026 02:08:25,21.10,,,,,
1431,07/01/2026 02:08:55,21.10,,,,,
1432,07/01/2026 02:09:25,21.06,,,,,
1433,07/01/2026 02:09:55,21.10,,,,,
1434,07/01/2026 02:10:25,21.15,,,,,
1435,07/01/2026 02:10:55,21.10,,,,,
1436,07/01/2026 02:11:25,21.15,,,,,
1437,07/01/2026 02:11:55,21.15,,,,,
1438,07/01/2026 02:12:25,21.15,,,,,
1439,07/01/2026 02:12:55,21.10,,,,,
1440,07/01/2026 02:13:25,21.15,,,,,
1441,07/01/2026 02:13:55,21.15,,,,,
1442,07/01/2026 02:14:25,21.15,,,,,
1443,07/01/2026 02:14:55,21.15,,,,,
1444,07/01/2026 02:15:25,21.15,,,,,
1445,07/01/2026 02:15:55,21.23,,,,,
1446,07/01/2026 02:16:25,21.15,,,,,
1447,07/01/2026 02:16:55,21.19,,,,,
1448,07/01/2026 02:17:25,21.19,,,,,
1449,07/01/2026 02:17:55,21.15,,,,,
1450,07/01/2026 02:18:25,21.19,,,,,
1451,07/01/2026 02:18:55,21.15,,,,,
1452,07/01/2026 02:19:25,21.19,,,,,
1453,07/01/2026 02:19:55,21.19,,,,,
1454,07/01/2026 02:20:25,21.15,,,,,
1455,07/01/2026 02:20:55,21.15,,,,,
1456,07/01/2026 02:21:25,21.15,,,,,
1457,07/01/2026 02:21:55,21.15,,,,,
1458,07/01/2026 02:22:25,21.15,,,,,
1459,07/01/2026 02:22:55,21.15,,,,,
1460,07/01/2026 02:23:25,21.15,,,,,
1461,07/01/2026 02:23:55,21.15,,,,,
1462,07/01/2026 02:24:25,21.15,,,,,
1463,07/01/2026 02:24:55,21.15,,,,,
1464,07/01/2026 02:25:25,21.15,,,,,
1465,07/01/2026 02:25:55,21.15,,,,,
1466,07/01/2026 02:26:25,21.10,,,,,
1467,07/01/2026 02:26:55,21.10,,,,,
1468,07/01/2026 02:27:25,21.10,,,,,
1469,07/01/2026 02:27:55,21.10,,,,,
1470,07/01/2026 02:28:25,21.10,,,,,
1471,07/01/2026 02:28:55,21.06,,,,,
1472,07/01/2026 02:29:25,21.10,,,,,
1473,07/01/2026 02:29:55,21.06,,,,,
1474,07/01/2026 02:30:25,21.10,,,,,
1475,07/01/2026 02:30:55,21.10,,,,,
1476,07/01/2026 02:31:25,21.10,,,,,
1477,07/01/2026 02:31:55,21.06,,,,,
1478,07/01/2026 02:32:25,21.10,,,,,
1479,07/01/2026 02:32:55,21.10,,,,,
1480,07/01/2026 02:33:25,21.10,,,,,
1481,07/01/2026 02:33:55,21.06,,,,,
1482,07/01/2026 02:34:25,21.10,,,,,
1483,07/01/2026 02:34:55,21.06,,,,,
1484,07/01/2026 02:35:25,21.06,,,,,
1485,07/01/2026 02:35:55,21.06,,,,,
1486,07/01/2026 02:36:25,21.06,,,,,
1487,07/01/2026 02:36:55,21.10,,,,,
1488,07/01/2026 02:37:25,21.06,,,,,
1489,07/01/2026 02:37:55,21.06,,,,,
1490,07/01/2026 02:38:25,21.06,,,,,
1491,07/01/2026 02:38:55,21.02,,,,,
1492,07/01/2026 02:39:25,21.02,,,,,
1493,07/01/2026 02:39:55,21.02,,,,,
1494,07/01/2026 02:40:25,21.02,,,,,
1495,07/01/2026 02:40:55,21.02,,,,,
1496,07/01/2026 02:41:25,20.98,,,,,
1497,07/01/2026 02:41:55,21.02,,,,,
1498,07/01/2026 02:42:25,21.02,,,,,
1499,07/01/2026 02:42:55,21.02,,,,,
1500,07/01/2026 02:43:25,21.06,,,,,
1501,07/01/2026 02:43:55,21.02,,,,,
1502,07/01/2026 02:44:25,20.98,,,,,
1503,07/01/2026 02:44:55,21.02,,,,,
1504,07/01/2026 02:45:25,20.98,,,,,
1505,07/01/2026 02:45:55,21.02,,,,,
1506,07/01/2026 02:46:25,20.98,,,,,
1507,07/01/2026 02:46:55,21.02,,,,,
1508,07/01/2026 02:47:25,20.93,,,,,
1509,07/01/2026 02:47:55,20.98,,,,,
1510,07/01/2026 02:48:25,20.98,,,,,
1511,07/01/2026 02:48:55,20.98,,,,,
1512,07/01/2026 02:49:25,21.02,,,,,
1513,07/01/2026 02:49:55,20.98,,,,,
1514,07/01/2026 02:50:25,20.98,,,,,
1515,07/01/2026 02:50:55,20.98,,,,,
1516,07/01/2026 02:51:25,21.02,,,,,
1517,07/01/2026 02:51:55,20.93,,,,,
1518,07/01/2026 02:52:25,20.93,,,,,
1519,07/01/2026 02:52:55,20.98,,,,,
1520,07/01/2026 02:53:25,20.93,,,,,
1521,07/01/2026 02:53:55,20.98,,,,,
1522,07/01/2026 02:54:25,20.98,,,,,
1523,07/01/2026 02:54:55,20.98,,,,,
1524,07/01/2026 02:55:25,20.93,,,,,
1525,07/01/2026 02:55:55,20.93,,,,,
1526,07/01/2026 02:56:25,20.93,,,,,
1527,07/01/2026 02:56:55,20.89,,,,,
1528,07/01/2026 02:57:25,20.93,,,,,
1529,07/01/2026 02:57:55,20.93,,,,,
1530,07/01/2026 02:58:25,20.98,,,,,
1531,07/01/2026 02:58:55,21.02,,,,,
1532,07/01/2026 02:59:25,20.89,,,,,
1533,07/01/2026 02:59:55,20.93,,,,,
1534,07/01/2026 03:00:25,20.93,,,,,
1535,07/01/2026 03:00:55,20.89,,,,,
1536,07/01/2026 03:01:25,20.93,,,,,
1537,07/01/2026 03:01:55,20.93,,,,,
1538,07/01/2026 03:02:25,20.93,,,,,
1539,07/01/2026 03:02:55,20.93,,,,,
1540,07/01/2026 03:03:25,20.98,,,,,
1541,07/01/2026 03:03:55,20.93,,,,,
1542,07/01/2026 03:04:25,20.98,,,,,
1543,07/01/2026 03:04:55,20.89,,,,,
1544,07/01/2026 03:05:25,20.89,,,,,
1545,07/01/2026 03:05:55,20.98,,,,,
1546,07/01/2026 03:06:25,20.98,,,,,
1547,07/01/2026 03:06:55,20.93,,,,,
1548,07/01/2026 03:07:25,20.93,,,,,
1549,07/01/2026 03:07:55,20.89,,,,,
1550,07/01/2026 03:08:25,20.93,,,,,
1551,07/01/2026 03:08:55,20.93,,,,,
1552,07/01/2026 03:09:25,20.98,,,,,
1553,07/01/2026 03:09:55,20.98,,,,,
1554,07/01/2026 03:10:25,20.93,,,,,
1555,07/01/2026 03:10:55,20.93,,,,,
1556,07/01/2026 03:11:25,20.93,,,,,
1557,07/01/2026 03:11:55,20.89,,,,,
1558,07/01/2026 03:12:25,20.93,,,,,
1559,07/01/2026 03:12:55,20.93,,,,,
1560,07/01/2026 03:13:25,20.89,,,,,
1561,07/01/2026 03:13:55,20.93,,,,,
1562,07/01/2026 03:14:25,20.93,,,,,
1563,07/01/2026 03:14:55,20.89,,,,,
1564,07/01/2026 03:15:25,20.89,,,,,
1565,07/01/2026 03:15:55,20.89,,,,,
1566,07/01/2026 03:16:25,20.89,,,,,
1567,07/01/2026 03:16:55,20.89,,,,,
1568,07/01/2026 03:17:25,20.93,,,,,
1569,07/01/2026 03:17:55,20.89,,,,,
1570,07/01/2026 03:18:25,20.89,,,,,
1571,07/01/2026 03:18:55,20.89,,,,,
1572,07/01/2026 03:19:25,20.89,,,,,
1573,07/01/2026 03:19:55,20.89,,,,,
1574,07/01/2026 03:20:25,20.93,,,,,
1575,07/01/2026 03:20:55,20.89,,,,,
1576,07/01/2026 03:21:25,20.93,,,,,
1577,07/01/2026 03:21:55,20.89,,,,,
1578,07/01/2026 03:22:25,20.98,,,,,
1579,07/01/2026 03:22:55,20.85,,,,,
1580,07/01/2026 03:23:25,20.89,,,,,
1581,07/01/2026 03:23:55,20.89,,,,,
1582,07/01/2026 03:24:25,20.89,,,,,
1583,07/01/2026 03:24:55,20.89,,,,,
1584,07/01/2026 03:25:25,20.93,,,,,
1585,07/01/2026 03:25:55,20.89,,,,,
1586,07/01/2026 03:26:25,20.89,,,,,
1587,07/01/2026 03:26:55,20.85,,,,,
1588,07/01/2026 03:27:25,20.93,,,,,
1589,07/01/2026 03:27:55,20.98,,,,,
1590,07/01/2026 03:28:25,20.89,,,,,
1591,07/01/2026 03:28:55,20.89,,,,,
1592,07/01/2026 03:29:25,20.89,,,,,
1593,07/01/2026 03:29:55,20.89,,,,,
1594,07/01/2026 03:30:25,20.89,,,,,
1595,07/01/2026 03:30:55,20.89,,,,,
1596,07/01/2026 03:31:25,20.89,,,,,
1597,07/01/2026 03:31:55,20.93,,,,,
1598,07/01/2026 03:32:25,20.89,,,,,
1599,07/01/2026 03:32:55,20.85,,,,,
1600,07/01/2026 03:33:25,20.89,,,,,
1601,07/01/2026 03:33:55,20.89,,,,,
1602,07/01/2026 03:34:25,20.89,,,,,
1603,07/01/2026 03:34:55,20.89,,,,,
1604,07/01/2026 03:35:25,20.89,,,,,
1605,07/01/2026 03:35:55,20.89,,,,,
1606,07/01/2026 03:36:25,20.89,,,,,
1607,07/01/2026 03:36:55,20.89,,,,,
1608,07/01/2026 03:37:25,20.89,,,,,
1609,07/01/2026 03:37:55,20.89,,,,,
1610,07/01/2026 03:38:25,20.89,,,,,
1611,07/01/2026 03:38:55,20.93,,,,,
1612,07/01/2026 03:39:25,20.89,,,,,
1613,07/01/2026 03:39:55,20.93,,,,,
1614,07/01/2026 03:40:25,20.93,,,,,
1615,07/01/2026 03:40:55,20.89,,,,,
1616,07/01/2026 03:41:25,20.89,,,,,
1617,07/01/2026 03:41:55,20.89,,,,,
1618,07/01/2026 03:42:25,20.93,,,,,
1619,07/01/2026 03:42:55,20.89,,,,,
1620,07/01/2026 03:43:25,20.89,,,,,
1621,07/01/2026 03:43:55,20.85,,,,,
1622,07/01/2026 03:44:25,20.89,,,,,
1623,07/01/2026 03:44:55,20.85,,,,,
1624,07/01/2026 03:45:25,20.89,,,,,
1625,07/01/2026 03:45:55,20.89,,,,,
1626,07/01/2026 03:46:25,20.89,,,,,
1627,07/01/2026 03:46:55,20.93,,,,,
1628,07/01/2026 03:47:25,20.85,,,,,
1629,07/01/2026 03:47:55,20.89,,,,,
1630,07/01/2026 03:48:25,20.89,,,,,
1631,07/01/2026 03:48:55,20.85,,,,,
1632,07/01/2026 03:49:25,20.85,,,,,
1633,07/01/2026 03:49:55,20.89,,,,,
1634,07/01/2026 03:50:25,20.85,,,,,
1635,07/01/2026 03:50:55,20.85,,,,,
1636,07/01/2026 03:51:25,20.89,,,,,
1637,07/01/2026 03:51:55,20.89,,,,,
1638,07/01/2026 03:52:25,20.89,,,,,
1639,07/01/2026 03:52:55,20.85,,,,,
1640,07/01/2026 03:53:25,20.89,,,,,
1641,07/01/2026 03:53:55,20.89,,,,,
1642,07/01/2026 03:54:25,20.89,,,,,
1643,07/01/2026 03:54:55,20.80,,,,,
1644,07/01/2026 03:55:25,20.85,,,,,
1645,07/01/2026 03:55:55,20.85,,,,,
1646,07/01/2026 03:56:25,20.85,,,,,
1647,07/01/2026 03:56:55,20.80,,,,,
1648,07/01/2026 03:57:25,20.80,,,,,
1649,07/01/2026 03:57:55,20.80,,,,,
1650,07/01/2026 03:58:25,20.85,,,,,
1651,07/01/2026 03:58:55,20.80,,,,,
1652,07/01/2026 03:59:25,20.85,,,,,
1653,07/01/2026 03:59:55,20.85,,,,,
1654,07/01/2026 04:00:25,20.85,,,,,
1655,07/01/2026 04:00:55,20.80,,,,,
1656,07/01/2026 04:01:25,20.80,,,,,
1657,07/01/2026 04:01:55,20.76,,,,,
1658,07/01/2026 04:02:25,20.76,,,,,
1659,07/01/2026 04:02:55,20.80,,,,,
1660,07/01/2026 04:03:25,20.76,,,,,
1661,07/01/2026 04:03:55,20.80,,,,,
1662,07/01/2026 04:04:25,20.80,,,,,
1663,07/01/2026 04:04:55,20.80,,,,,
1664,07/01/2026 04:05:25,20.80,,,,,
1665,07/01/2026 04:05:55,20.80,,,,,
1666,07/01/2026 04:06:25,20.80,,,,,
1667,07/01/2026 04:06:55,20.76,,,,,
1668,07/01/2026 04:07:25,20.80,,,,,
1669,07/01/2026 04:07:55,20.76,,,,,
1670,07/01/2026 04:08:25,20.80,,,,,
1671,07/01/2026 04:08:55,20.80,,,,,
1672,07/01/2026 04:09:25,20.80,,,,,
1673,07/01/2026 04:09:55,20.76,,,,,
1674,07/01/2026 04:10:25,20.80,,,,,
1675,07/01/2026 04:10:55,20.80,,,,,
1676,07/01/2026 04:11:25,20.80,,,,,
1677,07/01/2026 04:11:55,20.80,,,,,
1678,07/01/2026 04:12:25,20.80,,,,,
1679,07/01/2026 04:12:55,20.85,,,,,
1680,07/01/2026 04:13:25,20.85,,,,,
1681,07/01/2026 04:13:55,20.85,,,,,
1682,07/01/2026 04:14:25,20.80,,,,,
1683,07/01/2026 04:14:55,20.85,,,,,
1684,07/01/2026 04:15:25,20.80,,,,,
1685,07/01/2026 04:15:55,20.80,,,,,
1686,07/01/2026 04:16:25,20.85,,,,,
1687,07/01/2026 04:16:55,20.89,,,,,
1688,07/01/2026 04:17:25,20.89,,,,,
1689,07/01/2026 04:17:55,20.89,,,,,
1690,07/01/2026 04:18:25,20.89,,,,,
1691,07/01/2026 04:18:55,20.89,,,,,
1692,07/01/2026 04:19:25,20.93,,,,,
1693,07/01/2026 04:19:55,20.89,,,,,
1694,07/01/2026 04:20:25,20.89,,,,,
1695,07/01/2026 04:20:55,20.89,,,,,
1696,07/01/2026 04:21:25,20.93,,,,,
1697,07/01/2026 04:21:55,20.93,,,,,
1698,07/01/2026 04:22:25,20.93,,,,,
1699,07/01/2026 04:22:55,20.89,,,,,
1700,07/01/2026 04:23:25,20.93,,,,,
1701,07/01/2026 04:23:55,20.89,,,,,
1702,07/01/2026 04:24:25,20.93,,,,,
1703,07/01/2026 04:24:55,20.93,,,,,
1704,07/01/2026 04:25:25,20.93,,,,,
1705,07/01/2026 04:25:55,20.98,,,,,
1706,07/01/2026 04:26:25,20.93,,,,,
1707,07/01/2026 04:26:55,21.02,,,,,
1708,07/01/2026 04:27:25,20.98,,,,,
1709,07/01/2026 04:27:55,21.02,,,,,
1710,07/01/2026 04:28:25,20.98,,,,,
1711,07/01/2026 04:28:55,20.98,,,,,
1712,07/01/2026 04:29:25,21.02,,,,,
1713,07/01/2026 04:29:55,21.02,,,,,
1714,07/01/2026 04:30:25,21.06,,,,,
1715,07/01/2026 04:30:55,21.02,,,,,
1716,07/01/2026 04:31:25,21.06,,,,,
1717,07/01/2026 04:31:55,21.06,,,,,
1718,07/01/2026 04:32:25,21.06,,,,,
1719,07/01/2026 04:32:55,21.06,,,,,
1720,07/01/2026 04:33:25,21.10,,,,,
1721,07/01/2026 04:33:55,21.10,,,,,
1722,07/01/2026 04:34:25,21.10,,,,,
1723,07/01/2026 04:34:55,21.15,,,,,
1724,07/01/2026 04:35:25,21.19,,,,,
1725,07/01/2026 04:35:55,21.15,,,,,
1726,07/01/2026 04:36:25,21.19,,,,,
1727,07/01/2026 04:36:55,21.19,,,,,
1728,07/01/2026 04:37:25,21.28,,,,,
1729,07/01/2026 04:37:55,21.19,,,,,
1730,07/01/2026 04:38:25,21.23,,,,,
1731,07/01/2026 04:38:55,21.23,,,,,
1732,07/01/2026 04:39:25,21.23,,,,,
1733,07/01/2026 04:39:55,21.28,,,,,
1734,07/01/2026 04:40:25,21.28,,,,,
1735,07/01/2026 04:40:55,21.32,,,,,
1736,07/01/2026 04:41:25,21.32,,,,,
1737,07/01/2026 04:41:55,21.28,,,,,
1738,07/01/2026 04:42:25,21.32,,,,,
1739,07/01/2026 04:42:55,21.32,,,,,
1740,07/01/2026 04:43:25,21.36,,,,,
1741,07/01/2026 04:43:55,21.36,,,,,
1742,07/01/2026 04:44:25,21.32,,,,,
1743,07/01/2026 04:44:55,21.36,,,,,
1744,07/01/2026 04:45:25,21.36,,,,,
1745,07/01/2026 04:45:55,21.36,,,,,
1746,07/01/2026 04:46:25,21.36,,,,,
1747,07/01/2026 04:46:55,21.40,,,,,
1748,07/01/2026 04:47:25,21.36,,,,,
1749,07/01/2026 04:47:55,21.28,,,,,
1750,07/01/2026 04:48:25,21.32,,,,,
1751,07/01/2026 04:48:55,21.32,,,,,
1752,07/01/2026 04:49:25,21.28,,,,,
1753,07/01/2026 04:49:55,21.32,,,,,
1754,07/01/2026 04:50:25,21.32,,,,,
1755,07/01/2026 04:50:55,21.36,,,,,
1756,07/01/2026 04:51:25,21.28,,,,,
1757,07/01/2026 04:51:55,21.28,,,,,
1758,07/01/2026 04:52:25,21.32,,,,,
1759,07/01/2026 04:52:55,21.32,,,,,
1760,07/01/2026 04:53:25,21.32,,,,,
1761,07/01/2026 04:53:55,21.28,,,,,
1762,07/01/2026 04:54:25,21.28,,,,,
1763,07/01/2026 04:54:55,21.32,,,,,
1764,07/01/2026 04:55:25,21.28,,,,,
1765,07/01/2026 04:55:55,21.28,,,,,
1766,07/01/2026 04:56:25,21.28,,,,,
1767,07/01/2026 04:56:55,21.32,,,,,
1768,07/01/2026 04:57:25,21.28,,,,,
1769,07/01/2026 04:57:55,21.28,,,,,
1770,07/01/2026 04:58:25,21.23,,,,,
1771,07/01/2026 04:58:55,21.28,,,,,
1772,07/01/2026 04:59:25,21.19,,,,,
1773,07/01/2026 04:59:55,21.28,,,,,
1774,07/01/2026 05:00:25,21.23,,,,,
1775,07/01/2026 05:00:55,21.19,,,,,
1776,07/01/2026 05:01:25,21.23,,,,,
1777,07/01/2026 05:01:55,21.19,,,,,
1778,07/01/2026 05:02:25,21.19,,,,,
1779,07/01/2026 05:02:55,21.19,,,,,
1780,07/01/2026 05:03:25,21.19,,,,,
1781,07/01/2026 05:03:55,21.15,,,,,
1782,07/01/2026 05:04:25,21.15,,,,,
1783,07/01/2026 05:04:55,21.19,,,,,
1784,07/01/2026 05:05:25,21.19,,,,,
1785,07/01/2026 05:05:55,21.19,,,,,
1786,07/01/2026 05:06:25,21.19,,,,,
1787,07/01/2026 05:06:55,21.19,,,,,
1788,07/01/2026 05:07:25,21.19,,,,,
1789,07/01/2026 05:07:55,21.15,,,,,
1790,07/01/2026 05:08:25,21.15,,,,,
1791,07/01/2026 05:08:55,21.19,,,,,
1792,07/01/2026 05:09:25,21.19,,,,,
1793,07/01/2026 05:09:55,21.19,,,,,
1794,07/01/2026 05:10:25,21.23,,,,,
1795,07/01/2026 05:10:55,21.19,,,,,
1796,07/01/2026 05:11:25,21.19,,,,,
1797,07/01/2026 05:11:55,21.23,,,,,
1798,07/01/2026 05:12:25,21.23,,,,,
1799,07/01/2026 05:12:55,21.23,,,,,
1800,07/01/2026 05:13:25,21.28,,,,,
1801,07/01/2026 05:13:55,21.23,,,,,
1802,07/01/2026 05:14:25,21.23,,,,,
1803,07/01/2026 05:14:55,21.28,,,,,
1804,07/01/2026 05:15:25,21.32,,,,,
1805,07/01/2026 05:15:55,21.32,,,,,
1806,07/01/2026 05:16:25,21.32,,,,,
1807,07/01/2026 05:16:55,21.28,,,,,
1808,07/01/2026 05:17:25,21.32,,,,,
1809,07/01/2026 05:17:55,21.28,,,,,
1810,07/01/2026 05:18:25,21.32,,,,,
1811,07/01/2026 05:18:55,21.28,,,,,
1812,07/01/2026 05:19:25,21.32,,,,,
1813,07/01/2026 05:19:55,21.23,,,,,
1814,07/01/2026 05:20:25,21.28,,,,,
1815,07/01/2026 05:20:55,21.28,,,,,
1816,07/01/2026 05:21:25,21.23,,,,,
1817,07/01/2026 05:21:55,21.28,,,,,
1818,07/01/2026 05:22:25,21.28,,,,,
1819,07/01/2026 05:22:55,21.23,,,,,
1820,07/01/2026 05:23:25,21.28,,,,,
1821,07/01/2026 05:23:55,21.23,,,,,
1822,07/01/2026 05:24:25,21.19,,,,,
1823,07/01/2026 05:24:55,21.19,,,,,
1824,07/01/2026 05:25:25,21.19,,,,,
1825,07/01/2026 05:25:55,21.19,,,,,
1826,07/01/2026 05:26:25,21.23,,,,,
1827,07/01/2026 05:26:55,21.19,,,,,
1828,07/01/2026 05:27:25,21.19,,,,,
1829,07/01/2026 05:27:55,21.19,,,,,
1830,07/01/2026 05:28:25,21.23,,,,,
1831,07/01/2026 05:28:55,21.19,,,,,
1832,07/01/2026 05:29:25,21.23,,,,,
1833,07/01/2026 05:29:55,21.23,,,,,
1834,07/01/2026 05:30:25,21.23,,,,,
1835,07/01/2026 05:30:55,21.23,,,,,
1836,07/01/2026 05:31:25,21.23,,,,,
1837,07/01/2026 05:31:55,21.32,,,,,
1838,07/01/2026 05:32:25,21.19,,,,,
1839,07/01/2026 05:32:55,21.28,,,,,
1840,07/01/2026 05:33:25,21.28,,,,,
1841,07/01/2026 05:33:55,21.28,,,,,
1842,07/01/2026 05:34:25,21.32,,,,,
1843,07/01/2026 05:34:55,21.32,,,,,
1844,07/01/2026 05:35:25,21.32,,,,,
1845,07/01/2026 05:35:55,21.32,,,,,
1846,07/01/2026 05:36:25,21.36,,,,,
1847,07/01/2026 05:36:55,21.36,,,,,
1848,07/01/2026 05:37:25,21.36,,,,,
1849,07/01/2026 05:37:55,21.36,,,,,
1850,07/01/2026 05:38:25,21.40,,,,,
1851,07/01/2026 05:38:55,21.45,,,,,
1852,07/01/2026 05:39:25,21.45,,,,,
1853,07/01/2026 05:39:55,21.40,,,,,
1854,07/01/2026 05:40:25,21.40,,,,,
1855,07/01/2026 05:40:55,21.36,,,,,
1856,07/01/2026 05:41:25,21.40,,,,,
1857,07/01/2026 05:41:55,21.36,,,,,
1858,07/01/2026 05:42:25,21.36,,,,,
1859,07/01/2026 05:42:55,21.36,,,,,
1860,07/01/2026 05:43:25,21.40,,,,,
1861,07/01/2026 05:43:55,21.40,,,,,
1862,07/01/2026 05:44:25,21.40,,,,,
1863,07/01/2026 05:44:55,21.36,,,,,
1864,07/01/2026 05:45:25,21.36,,,,,
1865,07/01/2026 05:45:55,21.32,,,,,
1866,07/01/2026 05:46:25,21.32,,,,,
1867,07/01/2026 05:46:55,21.32,,,,,
1868,07/01/2026 05:47:25,21.32,,,,,
1869,07/01/2026 05:47:55,21.28,,,,,
1870,07/01/2026 05:48:25,21.36,,,,,
1871,07/01/2026 05:48:55,21.36,,,,,
1872,07/01/2026 05:49:25,21.32,,,,,
1873,07/01/2026 05:49:55,21.32,,,,,
1874,07/01/2026 05:50:25,21.28,,,,,
1875,07/01/2026 05:50:55,21.32,,,,,
1876,07/01/2026 05:51:25,21.36,,,,,
1877,07/01/2026 05:51:55,21.32,,,,,
1878,07/01/2026 05:52:25,21.36,,,,,
1879,07/01/2026 05:52:55,21.36,,,,,
1880,07/01/2026 05:53:25,21.32,,,,,
1881,07/01/2026 05:53:55,21.36,,,,,
1882,07/01/2026 05:54:25,21.36,,,,,
1883,07/01/2026 05:54:55,21.32,,,,,
1884,07/01/2026 05:55:25,21.36,,,,,
1885,07/01/2026 05:55:55,21.36,,,,,
1886,07/01/2026 05:56:25,21.36,,,,,
1887,07/01/2026 05:56:55,21.36,,,,,
1888,07/01/2026 05:57:25,21.36,,,,,
1889,07/01/2026 05:57:55,21.40,,,,,
1890,07/01/2026 05:58:25,21.40,,,,,
1891,07/01/2026 05:58:55,21.36,,,,,
1892,07/01/2026 05:59:25,21.45,,,,,
1893,07/01/2026 05:59:55,21.40,,,,,
1894,07/01/2026 06:00:25,21.40,,,,,
1895,07/01/2026 06:00:55,21.40,,,,,
1896,07/01/2026 06:01:25,21.45,,,,,
1897,07/01/2026 06:01:55,21.45,,,,,
1898,07/01/2026 06:02:25,21.36,,,,,
1899,07/01/2026 06:02:55,21.40,,,,,
1900,07/01/2026 06:03:25,21.45,,,,,
1901,07/01/2026 06:03:55,21.36,,,,,
1902,07/01/2026 06:04:25,21.40,,,,,
1903,07/01/2026 06:04:55,21.40,,,,,
1904,07/01/2026 06:05:25,21.40,,,,,
1905,07/01/2026 06:05:55,21.36,,,,,
1906,07/01/2026 06:06:25,21.36,,,,,
1907,07/01/2026 06:06:55,21.36,,,,,
1908,07/01/2026 06:07:25,21.40,,,,,
1909,07/01/2026 06:07:55,21.32,,,,,
1910,07/01/2026 06:08:25,21.36,,,,,
1911,07/01/2026 06:08:55,21.36,,,,,
1912,07/01/2026 06:09:25,21.40,,,,,
1913,07/01/2026 06:09:55,21.36,,,,,
1914,07/01/2026 06:10:25,21.36,,,,,
1915,07/01/2026 06:10:55,21.40,,,,,
1916,07/01/2026 06:11:25,21.40,,,,,
1917,07/01/2026 06:11:55,21.36,,,,,
1918,07/01/2026 06:12:25,21.40,,,,,
1919,07/01/2026 06:12:55,21.40,,,,,
1920,07/01/2026 06:13:25,21.40,,,,,
1921,07/01/2026 06:13:55,21.40,,,,,
1922,07/01/2026 06:14:25,21.45,,,,,
1923,07/01/2026 06:14:55,21.45,,,,,
1924,07/01/2026 06:15:25,21.40,,,,,
1925,07/01/2026 06:15:55,21.40,,,,,
1926,07/01/2026 06:16:25,21.40,,,,,
1927,07/01/2026 06:16:55,21.45,,,,,
1928,07/01/2026 06:17:25,21.40,,,,,
1929,07/01/2026 06:17:55,21.45,,,,,
1930,07/01/2026 06:18:25,21.45,,,,,
1931,07/01/2026 06:18:55,21.45,,,,,
1932,07/01/2026 06:19:25,21.45,,,,,
1933,07/01/2026 06:19:55,21.45,,,,,
1934,07/01/2026 06:20:25,21.49,,,,,
1935,07/01/2026 06:20:55,21.45,,,,,
1936,07/01/2026 06:21:25,21.49,,,,,
1937,07/01/2026 06:21:55,21.45,,,,,
1938,07/01/2026 06:22:25,21.40,,,,,
1939,07/01/2026 06:22:55,21.45,,,,,
1940,07/01/2026 06:23:25,21.40,,,,,
1941,07/01/2026 06:23:55,21.40,,,,,
1942,07/01/2026 06:24:25,21.40,,,,,
1943,07/01/2026 06:24:55,21.40,,,,,
1944,07/01/2026 06:25:25,21.40,,,,,
1945,07/01/2026 06:25:55,21.40,,,,,
1946,07/01/2026 06:26:25,21.36,,,,,
1947,07/01/2026 06:26:55,21.36,,,,,
1948,07/01/2026 06:27:25,21.40,,,,,
1949,07/01/2026 06:27:55,21.36,,,,,
1950,07/01/2026 06:28:25,21.36,,,,,
1951,07/01/2026 06:28:55,21.32,,,,,
1952,07/01/2026 06:29:25,21.36,,,,,
1953,07/01/2026 06:29:55,21.32,,,,,
1954,07/01/2026 06:30:25,21.32,,,,,
1955,07/01/2026 06:30:55,21.32,,,,,
1956,07/01/2026 06:31:25,21.36,,,,,
1957,07/01/2026 06:31:55,21.36,,,,,
1958,07/01/2026 06:32:25,21.32,,,,,
1959,07/01/2026 06:32:55,21.32,,,,,
1960,07/01/2026 06:33:25,21.32,,,,,
1961,07/01/2026 06:33:55,21.28,,,,,
1962,07/01/2026 06:34:25,21.32,,,,,
1963,07/01/2026 06:34:55,21.28,,,,,
1964,07/01/2026 06:35:25,21.28,,,,,
1965,07/01/2026 06:35:55,21.28,,,,,
1966,07/01/2026 06:36:25,21.32,,,,,
1967,07/01/2026 06:36:55,21.36,,,,,
1968,07/01/2026 06:37:25,21.28,,,,,
1969,07/01/2026 06:37:55,21.32,,,,,
1970,07/01/2026 06:38:25,21.32,,,,,
1971,07/01/2026 06:38:55,21.28,,,,,
1972,07/01/2026 06:39:25,21.32,,,,,
1973,07/01/2026 06:39:55,21.36,,,,,
1974,07/01/2026 06:40:25,21.32,,,,,
1975,07/01/2026 06:40:55,21.32,,,,,
1976,07/01/2026 06:41:25,21.32,,,,,
1977,07/01/2026 06:41:55,21.36,,,,,
1978,07/01/2026 06:42:25,21.36,,,,,
1979,07/01/2026 06:42:55,21.36,,,,,
1980,07/01/2026 06:43:25,21.36,,,,,
1981,07/01/2026 06:43:55,21.40,,,,,
1982,07/01/2026 06:44:25,21.36,,,,,
1983,07/01/2026 06:44:55,21.40,,,,,
1984,07/01/2026 06:45:25,21.40,,,,,
1985,07/01/2026 06:45:55,21.45,,,,,
1986,07/01/2026 06:46:25,21.45,,,,,
1987,07/01/2026 06:46:55,21.45,,,,,
1988,07/01/2026 06:47:25,21.40,,,,,
1989,07/01/2026 06:47:55,21.45,,,,,
1990,07/01/2026 06:48:25,21.49,,,,,
1991,07/01/2026 06:48:55,21.40,,,,,
1992,07/01/2026 06:49:25,21.49,,,,,
1993,07/01/2026 06:49:55,21.45,,,,,
1994,07/01/2026 06:50:25,21.45,,,,,
1995,07/01/2026 06:50:55,21.45,,,,,
1996,07/01/2026 06:51:25,21.49,,,,,
1997,07/01/2026 06:51:55,21.45,,,,,
1998,07/01/2026 06:52:25,21.49,,,,,
1999,07/01/2026 06:52:55,21.45,,,,,
2000,07/01/2026 06:53:25,21.45,,,,,
2001,07/01/2026 06:53:55,21.40,,,,,
2002,07/01/2026 06:54:25,21.40,,,,,
2003,07/01/2026 06:54:55,21.36,,,,,
2004,07/01/2026 06:55:25,21.32,,,,,
2005,07/01/2026 06:55:55,21.40,,,,,
2006,07/01/2026 06:56:25,21.36,,,,,
2007,07/01/2026 06:56:55,21.40,,,,,
2008,07/01/2026 06:57:25,21.36,,,,,
2009,07/01/2026 06:57:55,21.40,,,,,
2010,07/01/2026 06:58:25,21.32,,,,,
2011,07/01/2026 06:58:55,21.36,,,,,
2012,07/01/2026 06:59:25,21.36,,,,,
2013,07/01/2026 06:59:55,21.36,,,,,
2014,07/01/2026 07:00:25,21.36,,,,,
2015,07/01/2026 07:00:55,21.40,,,,,
2016,07/01/2026 07:01:25,21.40,,,,,
2017,07/01/2026 07:01:55,21.40,,,,,
2018,07/01/2026 07:02:25,21.45,,,,,
2019,07/01/2026 07:02:55,21.40,,,,,
2020,07/01/2026 07:03:25,21.45,,,,,
2021,07/01/2026 07:03:55,21.40,,,,,
2022,07/01/2026 07:04:25,21.40,,,,,
2023,07/01/2026 07:04:55,21.45,,,,,
2024,07/01/2026 07:05:25,21.45,,,,,
2025,07/01/2026 07:05:55,21.40,,,,,
2026,07/01/2026 07:06:25,21.45,,,,,
2027,07/01/2026 07:06:55,21.45,,,,,
2028,07/01/2026 07:07:25,21.49,,,,,
2029,07/01/2026 07:07:55,21.45,,,,,
2030,07/01/2026 07:08:25,21.49,,,,,
2031,07/01/2026 07:08:55,21.49,,,,,
2032,07/01/2026 07:09:25,21.49,,,,,
2033,07/01/2026 07:09:55,21.49,,,,,
2034,07/01/2026 07:10:25,21.53,,,,,
2035,07/01/2026 07:10:55,21.45,,,,,
2036,07/01/2026 07:11:25,21.49,,,,,
2037,07/01/2026 07:11:55,21.49,,,,,
2038,07/01/2026 07:12:25,21.53,,,,,
2039,07/01/2026 07:12:55,21.53,,,,,
2040,07/01/2026 07:13:25,21.49,,,,,
2041,07/01/2026 07:13:55,21.53,,,,,
2042,07/01/2026 07:14:25,21.53,,,,,
2043,07/01/2026 07:14:55,21.49,,,,,
2044,07/01/2026 07:15:25,21.49,,,,,
2045,07/01/2026 07:15:55,21.53,,,,,
2046,07/01/2026 07:16:25,21.53,,,,,
2047,07/01/2026 07:16:55,21.53,,,,,
2048,07/01/2026 07:17:25,21.49,,,,,
2049,07/01/2026 07:17:55,21.49,,,,,
2050,07/01/2026 07:18:25,21.49,,,,,
2051,07/01/2026 07:18:55,21.45,,,,,
2052,07/01/2026 07:19:25,21.49,,,,,
2053,07/01/2026 07:19:55,21.49,,,,,
2054,07/01/2026 07:20:25,21.45,,,,,
2055,07/01/2026 07:20:55,21.49,,,,,
2056,07/01/2026 07:21:25,21.45,,,,,
2057,07/01/2026 07:21:55,21.45,,,,,
2058,07/01/2026 07:22:25,21.49,,,,,
2059,07/01/2026 07:22:55,21.49,,,,,
2060,07/01/2026 07:23:25,21.53,,,,,
2061,07/01/2026 07:23:55,21.49,,,,,
2062,07/01/2026 07:24:25,21.49,,,,,
2063,07/01/2026 07:24:55,21.49,,,,,
2064,07/01/2026 07:25:25,21.49,,,,,
2065,07/01/2026 07:25:55,21.53,,,,,
2066,07/01/2026 07:26:25,21.53,,,,,
2067,07/01/2026 07:26:55,21.58,,,,,
2068,07/01/2026 07:27:25,21.49,,,,,
2069,07/01/2026 07:27:55,21.53,,,,,
2070,07/01/2026 07:28:25,21.53,,,,,
2071,07/01/2026 07:28:55,21.58,,,,,
2072,07/01/2026 07:29:25,21.58,,,,,
2073,07/01/2026 07:29:55,21.58,,,,,
2074,07/01/2026 07:30:25,21.58,,,,,
2075,07/01/2026 07:30:55,21.58,,,,,
2076,07/01/2026 07:31:25,21.62,,,,,
2077,07/01/2026 07:31:55,21.62,,,,,
2078,07/01/2026 07:32:25,21.58,,,,,
2079,07/01/2026 07:32:55,21.58,,,,,
2080,07/01/2026 07:33:25,21.58,,,,,
2081,07/01/2026 07:33:55,21.62,,,,,
2082,07/01/2026 07:34:25,21.62,,,,,
2083,07/01/2026 07:34:55,21.62,,,,,
2084,07/01/2026 07:35:25,21.62,,,,,
2085,07/01/2026 07:35:55,21.62,,,,,
2086,07/01/2026 07:36:25,21.62,,,,,
2087,07/01/2026 07:36:55,21.58,,,,,
2088,07/01/2026 07:37:25,21.58,,,,,
2089,07/01/2026 07:37:55,21.58,,,,,
2090,07/01/2026 07:38:25,21.58,,,,,
2091,07/01/2026 07:38:55,21.58,,,,,
2092,07/01/2026 07:39:25,21.53,,,,,
2093,07/01/2026 07:39:55,21.49,,,,,
2094,07/01/2026 07:40:25,21.53,,,,,
2095,07/01/2026 07:40:55,21.49,,,,,
2096,07/01/2026 07:41:25,21.53,,,,,
2097,07/01/2026 07:41:55,21.45,,,,,
2098,07/01/2026 07:42:25,21.49,,,,,
2099,07/01/2026 07:42:55,21.49,,,,,
2100,07/01/2026 07:43:25,21.49,,,,,
2101,07/01/2026 07:43:55,21.49,,,,,
2102,07/01/2026 07:44:25,21.45,,,,,
2103,07/01/2026 07:44:55,21.49,,,,,
2104,07/01/2026 07:45:25,21.45,,,,,
2105,07/01/2026 07:45:55,21.45,,,,,
2106,07/01/2026 07:46:25,21.45,,,,,
2107,07/01/2026 07:46:55,21.45,,,,,
2108,07/01/2026 07:47:25,21.49,,,,,
2109,07/01/2026 07:47:55,21.45,,,,,
2110,07/01/2026 07:48:25,21.45,,,,,
2111,07/01/2026 07:48:55,21.45,,,,,
2112,07/01/2026 07:49:25,21.49,,,,,
2113,07/01/2026 07:49:55,21.53,,,,,
2114,07/01/2026 07:50:25,21.45,,,,,
2115,07/01/2026 07:50:55,21.49,,,,,
2116,07/01/2026 07:51:25,21.49,,,,,
2117,07/01/2026 07:51:55,21.49,,,,,
2118,07/01/2026 07:52:25,21.45,,,,,
2119,07/01/2026 07:52:55,21.49,,,,,
2120,07/01/2026 07:53:25,21.53,,,,,
2121,07/01/2026 07:53:55,21.58,,,,,
2122,07/01/2026 07:54:25,21.58,,,,,
2123,07/01/2026 07:54:55,21.53,,,,,
2124,07/01/2026 07:55:25,21.58,,,,,
2125,07/01/2026 07:55:55,21.58,,,,,
2126,07/01/2026 07:56:25,21.62,,,,,
2127,07/01/2026 07:56:55,21.58,,,,,
2128,07/01/2026 07:57:25,21.62,,,,,
2129,07/01/2026 07:57:55,21.66,,,,,
2130,07/01/2026 07:58:25,21.62,,,,,
2131,07/01/2026 07:58:55,21.62,,,,,
2132,07/01/2026 07:59:25,21.62,,,,,
2133,07/01/2026 07:59:55,21.62,,,,,
2134,07/01/2026 08:00:25,21.62,,,,,
2135,07/01/2026 08:00:55,21.62,,,,,
2136,07/01/2026 08:01:25,21.62,,,,,
2137,07/01/2026 08:01:55,21.62,,,,,
2138,07/01/2026 08:02:25,21.66,,,,,
2139,07/01/2026 08:02:55,21.66,,,,,
2140,07/01/2026 08:03:25,21.62,,,,,
2141,07/01/2026 08:03:55,21.62,,,,,
2142,07/01/2026 08:04:25,21.66,,,,,
2143,07/01/2026 08:04:55,21.62,,,,,
2144,07/01/2026 08:05:25,21.62,,,,,
2145,07/01/2026 08:05:55,21.58,,,,,
2146,07/01/2026 08:06:25,21.58,,,,,
2147,07/01/2026 08:06:55,21.53,,,,,
2148,07/01/2026 08:07:25,21.53,,,,,
2149,07/01/2026 08:07:55,21.49,,,,,
2150,07/01/2026 08:08:25,21.58,,,,,
2151,07/01/2026 08:08:55,21.49,,,,,
2152,07/01/2026 08:09:25,21.53,,,,,
2153,07/01/2026 08:09:55,21.49,,,,,
2154,07/01/2026 08:10:25,21.49,,,,,
2155,07/01/2026 08:10:55,21.45,,,,,
2156,07/01/2026 08:11:25,21.45,,,,,
2157,07/01/2026 08:11:55,21.45,,,,,
2158,07/01/2026 08:12:25,21.45,,,,,
2159,07/01/2026 08:12:55,21.49,,,,,
2160,07/01/2026 08:13:25,21.49,,,,,
2161,07/01/2026 08:13:55,21.40,,,,,
2162,07/01/2026 08:14:25,21.45,,,,,
2163,07/01/2026 08:14:55,21.45,,,,,
2164,07/01/2026 08:15:25,21.45,,,,,
2165,07/01/2026 08:15:55,21.45,,,,,
2166,07/01/2026 08:16:25,21.40,,,,,
2167,07/01/2026 08:16:55,21.45,,,,,
2168,07/01/2026 08:17:25,21.40,,,,,
2169,07/01/2026 08:17:55,21.45,,,,,
2170,07/01/2026 08:18:25,21.49,,,,,
2171,07/01/2026 08:18:55,21.45,,,,,
2172,07/01/2026 08:19:25,21.45,,,,,
2173,07/01/2026 08:19:55,21.45,,,,,
2174,07/01/2026 08:20:25,21.49,,,,,
2175,07/01/2026 08:20:55,21.45,,,,,
2176,07/01/2026 08:21:25,21.45,,,,,
2177,07/01/2026 08:21:55,21.49,,,,,
2178,07/01/2026 08:22:25,21.45,,,,,
2179,07/01/2026 08:22:55,21.45,,,,,
2180,07/01/2026 08:23:25,21.49,,,,,
2181,07/01/2026 08:23:55,21.45,,,,,
2182,07/01/2026 08:24:25,21.45,,,,,
2183,07/01/2026 08:24:55,21.45,,,,,
2184,07/01/2026 08:25:25,21.45,,,,,
2185,07/01/2026 08:25:55,21.45,,,,,
2186,07/01/2026 08:26:25,21.49,,,,,
2187,07/01/2026 08:26:55,21.45,,,,,
2188,07/01/2026 08:27:25,21.45,,,,,
2189,07/01/2026 08:27:55,21.45,,,,,
2190,07/01/2026 08:28:25,21.45,,,,,
2191,07/01/2026 08:28:55,21.45,,,,,
2192,07/01/2026 08:29:25,21.49,,,,,
2193,07/01/2026 08:29:55,21.49,,,,,
2194,07/01/2026 08:30:25,21.53,,,,,
2195,07/01/2026 08:30:55,21.53,,,,,
2196,07/01/2026 08:31:25,21.45,,,,,
2197,07/01/2026 08:31:55,21.53,,,,,
2198,07/01/2026 08:32:25,21.53,,,,,
2199,07/01/2026 08:32:55,21.53,,,,,
2200,07/01/2026 08:33:25,21.53,,,,,
2201,07/01/2026 08:33:55,21.53,,,,,
2202,07/01/2026 08:34:25,21.58,,,,,
2203,07/01/2026 08:34:55,21.49,,,,,
2204,07/01/2026 08:35:25,21.58,,,,,
2205,07/01/2026 08:35:55,21.53,,,,,
2206,07/01/2026 08:36:25,21.58,,,,,
2207,07/01/2026 08:36:55,21.53,,,,,
2208,07/01/2026 08:37:25,21.58,,,,,
2209,07/01/2026 08:37:55,21.58,,,,,
2210,07/01/2026 08:38:25,21.49,,,,,
2211,07/01/2026 08:38:55,21.53,,,,,
2212,07/01/2026 08:39:25,21.53,,,,,
2213,07/01/2026 08:39:55,21.49,,,,,
2214,07/01/2026 08:40:25,21.49,,,,,
2215,07/01/2026 08:40:55,21.49,,,,,
2216,07/01/2026 08:41:25,21.45,,,,,
2217,07/01/2026 08:41:55,21.45,,,,,
2218,07/01/2026 08:42:25,21.49,,,,,
2219,07/01/2026 08:42:55,21.45,,,,,
2220,07/01/2026 08:43:25,21.40,,,,,
2221,07/01/2026 08:43:55,21.45,,,,,
2222,07/01/2026 08:44:25,21.40,,,,,
2223,07/01/2026 08:44:55,21.36,,,,,
2224,07/01/2026 08:45:25,21.36,,,,,
2225,07/01/2026 08:45:55,21.40,,,,,
2226,07/01/2026 08:46:25,21.40,,,,,
2227,07/01/2026 08:46:55,21.45,,,,,
2228,07/01/2026 08:47:25,21.45,,,,,
2229,07/01/2026 08:47:55,21.45,,,,,
2230,07/01/2026 08:48:25,21.45,,,,,
2231,07/01/2026 08:48:55,21.45,,,,,
2232,07/01/2026 08:49:25,21.45,,,,,
2233,07/01/2026 08:49:55,21.53,,,,,
2234,07/01/2026 08:50:25,21.49,,,,,
2235,07/01/2026 08:50:55,21.49,,,,,
2236,07/01/2026 08:51:25,21.49,,,,,
2237,07/01/2026 08:51:55,21.49,,,,,
2238,07/01/2026 08:52:25,21.53,,,,,
2239,07/01/2026 08:52:55,21.53,,,,,
2240,07/01/2026 08:53:25,21.49,,,,,
2241,07/01/2026 08:53:55,21.53,,,,,
2242,07/01/2026 08:54:25,21.53,,,,,
2243,07/01/2026 08:54:55,21.49,,,,,
2244,07/01/2026 08:55:25,21.53,,,,,
2245,07/01/2026 08:55:55,21.49,,,,,
2246,07/01/2026 08:56:25,21.49,,,,,
2247,07/01/2026 08:56:55,21.49,,,,,
2248,07/01/2026 08:57:25,21.45,,,,,
2249,07/01/2026 08:57:55,21.45,,,,,
2250,07/01/2026 08:58:25,21.45,,,,,
2251,07/01/2026 08:58:55,21.45,,,,,
2252,07/01/2026 08:59:25,21.45,,,,,
2253,07/01/2026 08:59:55,21.45,,,,,
2254,07/01/2026 09:00:25,21.45,,,,,
2255,07/01/2026 09:00:55,21.45,,,,,
2256,07/01/2026 09:01:25,21.45,,,,,
2257,07/01/2026 09:01:55,21.45,,,,,
2258,07/01/2026 09:02:25,21.45,,,,,
2259,07/01/2026 09:02:55,21.45,,,,,
2260,07/01/2026 09:03:25,21.49,,,,,
2261,07/01/2026 09:03:55,21.45,,,,,
2262,07/01/2026 09:04:25,21.45,,,,,
2263,07/01/2026 09:04:55,21.53,,,,,
2264,07/01/2026 09:05:25,21.49,,,,,
2265,07/01/2026 09:05:55,21.53,,,,,
2266,07/01/2026 09:06:25,21.53,,,,,
2267,07/01/2026 09:06:55,21.49,,,,,
2268,07/01/2026 09:07:25,21.58,,,,,
2269,07/01/2026 09:07:55,21.53,,,,,
2270,07/01/2026 09:08:25,21.58,,,,,
2271,07/01/2026 09:08:55,21.58,,,,,
2272,07/01/2026 09:09:25,21.62,,,,,
2273,07/01/2026 09:09:55,21.58,,,,,
2274,07/01/2026 09:10:25,21.62,,,,,
2275,07/01/2026 09:10:55,21.66,,,,,
2276,07/01/2026 09:11:25,21.62,,,,,
2277,07/01/2026 09:11:55,21.58,,,,,
2278,07/01/2026 09:12:25,21.62,,,,,
2279,07/01/2026 09:12:55,21.62,,,,,
2280,07/01/2026 09:13:25,21.62,,,,,
2281,07/01/2026 09:13:55,21.62,,,,,
2282,07/01/2026 09:14:25,21.58,,,,,
2283,07/01/2026 09:14:55,21.58,,,,,
2284,07/01/2026 09:15:25,21.53,,,,,
2285,07/01/2026 09:15:55,21.58,,,,,
2286,07/01/2026 09:16:25,21.58,,,,,
2287,07/01/2026 09:16:55,21.58,,,,,
2288,07/01/2026 09:17:25,21.58,,,,,
2289,07/01/2026 09:17:55,21.53,,,,,
2290,07/01/2026 09:18:25,21.49,,,,,
2291,07/01/2026 09:18:55,21.53,,,,,
2292,07/01/2026 09:19:25,21.53,,,,,
2293,07/01/2026 09:19:55,21.58,,,,,
2294,07/01/2026 09:20:25,21.53,,,,,
2295,07/01/2026 09:20:55,21.53,,,,,
2296,07/01/2026 09:21:25,21.62,,,,,
2297,07/01/2026 09:21:55,21.53,,,,,
2298,07/01/2026 09:22:25,21.58,,,,,
2299,07/01/2026 09:22:55,21.62,,,,,
2300,07/01/2026 09:23:25,21.66,,,,,
2301,07/01/2026 09:23:55,21.62,,,,,
2302,07/01/2026 09:24:25,21.62,,,,,
2303,07/01/2026 09:24:55,21.66,,,,,
2304,07/01/2026 09:25:25,21.66,,,,,
2305,07/01/2026 09:25:55,21.66,,,,,
2306,07/01/2026 09:26:25,21.70,,,,,
2307,07/01/2026 09:26:55,21.70,,,,,
2308,07/01/2026 09:27:25,21.70,,,,,
2309,07/01/2026 09:27:55,21.70,,,,,
2310,07/01/2026 09:28:25,21.75,,,,,
2311,07/01/2026 09:28:55,21.70,,,,,
2312,07/01/2026 09:29:25,21.75,,,,,
2313,07/01/2026 09:29:55,21.70,,,,,
2314,07/01/2026 09:30:25,21.66,,,,,
2315,07/01/2026 09:30:55,21.75,,,,,
2316,07/01/2026 09:31:25,21.70,,,,,
2317,07/01/2026 09:31:55,21.66,,,,,
2318,07/01/2026 09:32:25,21.66,,,,,
2319,07/01/2026 09:32:55,21.62,,,,,
2320,07/01/2026 09:33:25,21.66,,,,,
2321,07/01/2026 09:33:55,21.66,,,,,
2322,07/01/2026 09:34:25,21.70,,,,,
2323,07/01/2026 09:34:55,21.62,,,,,
2324,07/01/2026 09:35:25,21.62,,,,,
2325,07/01/2026 09:35:55,21.70,,,,,
2326,07/01/2026 09:36:25,21.62,,,,,
2327,07/01/2026 09:36:55,21.70,,,,,
2328,07/01/2026 09:37:25,21.66,,,,,
2329,07/01/2026 09:37:55,21.70,,,,,
2330,07/01/2026 09:38:25,21.70,,,,,
2331,07/01/2026 09:38:55,21.70,,,,,
2332,07/01/2026 09:39:25,21.70,,,,,
2333,07/01/2026 09:39:55,21.70,,,,,
2334,07/01/2026 09:40:25,21.75,,,,,
2335,07/01/2026 09:40:55,21.79,,,,,
2336,07/01/2026 09:41:25,21.75,,,,,
2337,07/01/2026 09:41:55,21.79,,,,,
2338,07/01/2026 09:42:25,21.79,,,,,
2339,07/01/2026 09:42:55,21.79,,,,,
2340,07/01/2026 09:43:25,21.79,,,,,
2341,07/01/2026 09:43:55,21.79,,,,,
2342,07/01/2026 09:44:25,21.83,,,,,
2343,07/01/2026 09:44:55,21.79,,,,,
2344,07/01/2026 09:45:25,21.75,,,,,
2345,07/01/2026 09:45:55,21.75,,,,,
2346,07/01/2026 09:46:25,21.75,,,,,
2347,07/01/2026 09:46:55,21.70,,,,,
2348,07/01/2026 09:47:25,21.66,,,,,
2349,07/01/2026 09:47:55,21.66,,,,,
2350,07/01/2026 09:48:25,21.70,,,,,
2351,07/01/2026 09:48:55,21.62,,,,,
2352,07/01/2026 09:49:25,21.62,,,,,
2353,07/01/2026 09:49:55,21.58,,,,,
2354,07/01/2026 09:50:25,21.58,,,,,
2355,07/01/2026 09:50:55,21.62,,,,,
2356,07/01/2026 09:51:25,21.62,,,,,
2357,07/01/2026 09:51:55,21.53,,,,,
2358,07/01/2026 09:52:25,21.58,,,,,
2359,07/01/2026 09:52:55,21.53,,,,,
2360,07/01/2026 09:53:25,21.53,,,,,
2361,07/01/2026 09:53:55,21.53,,,,,
2362,07/01/2026 09:54:25,21.53,,,,,
2363,07/01/2026 09:54:55,21.45,,,,,
2364,07/01/2026 09:55:25,21.49,,,,,
2365,07/01/2026 09:55:55,21.49,,,,,
2366,07/01/2026 09:56:25,21.49,,,,,
2367,07/01/2026 09:56:55,21.49,,,,,
2368,07/01/2026 09:57:25,21.49,,,,,
2369,07/01/2026 09:57:55,21.49,,,,,
2370,07/01/2026 09:58:25,21.49,,,,,
2371,07/01/2026 09:58:55,21.53,,,,,
2372,07/01/2026 09:59:25,21.53,,,,,
2373,07/01/2026 09:59:55,21.58,,,,,
2374,07/01/2026 10:00:25,21.58,,,,,
2375,07/01/2026 10:00:55,21.58,,,,,
2376,07/01/2026 10:01:25,21.53,,,,,
2377,07/01/2026 10:01:55,21.58,,,,,
2378,07/01/2026 10:02:25,21.53,,,,,
2379,07/01/2026 10:02:55,21.62,,,,,
2380,07/01/2026 10:03:25,21.58,,,,,
2381,07/01/2026 10:03:55,21.62,,,,,
2382,07/01/2026 10:04:25,21.62,,,,,
2383,07/01/2026 10:04:55,21.66,,,,,
2384,07/01/2026 10:05:25,21.66,,,,,
2385,07/01/2026 10:05:55,21.66,,,,,
2386,07/01/2026 10:06:25,21.70,,,,,
2387,07/01/2026 10:06:55,21.70,,,,,
2388,07/01/2026 10:07:25,21.66,,,,,
2389,07/01/2026 10:07:55,21.70,,,,,
2390,07/01/2026 10:08:25,21.70,,,,,
2391,07/01/2026 10:08:55,21.66,,,,,
2392,07/01/2026 10:09:25,21.66,,,,,
2393,07/01/2026 10:09:55,21.70,,,,,
2394,07/01/2026 10:10:25,21.75,,,,,
2395,07/01/2026 10:10:55,21.70,,,,,
2396,07/01/2026 10:11:25,21.70,,,,,
2397,07/01/2026 10:11:55,21.66,,,,,
2398,07/01/2026 10:12:25,21.66,,,,,
2399,07/01/2026 10:12:55,21.62,,,,,
2400,07/01/2026 10:13:25,21.62,,,,,
2401,07/01/2026 10:13:55,21.70,,,,,
2402,07/01/2026 10:14:25,21.66,,,,,
2403,07/01/2026 10:14:55,21.62,,,,,
2404,07/01/2026 10:15:25,21.66,,,,,
2405,07/01/2026 10:15:55,21.66,,,,,
2406,07/01/2026 10:16:25,21.62,,,,,
2407,07/01/2026 10:16:55,21.70,,,,,
2408,07/01/2026 10:17:25,21.70,,,,,
2409,07/01/2026 10:17:55,21.66,,,,,
2410,07/01/2026 10:18:25,21.62,,,,,
2411,07/01/2026 10:18:55,21.53,,,,,
2412,07/01/2026 10:19:25,21.58,,,,,
2413,07/01/2026 10:19:55,21.62,,,,,
2414,07/01/2026 10:20:25,21.62,,,,,
2415,07/01/2026 10:20:55,21.62,,,,,
2416,07/01/2026 10:21:25,21.58,,,,,
2417,07/01/2026 10:21:55,21.62,,,,,
2418,07/01/2026 10:22:25,21.58,,,,,
2419,07/01/2026 10:22:55,21.62,,,,,
2420,07/01/2026 10:23:25,21.53,,,,,
2421,07/01/2026 10:23:55,21.58,,,,,
2422,07/01/2026 10:24:25,21.58,,,,,
2423,07/01/2026 10:24:55,21.62,,,,,
2424,07/01/2026 10:25:25,21.62,,,,,
2425,07/01/2026 10:25:55,21.58,,,,,
2426,07/01/2026 10:26:25,21.53,,,,,
2427,07/01/2026 10:26:55,21.58,,,,,
2428,07/01/2026 10:27:25,21.58,,,,,
2429,07/01/2026 10:27:55,21.58,,,,,
2430,07/01/2026 10:28:25,21.58,,,,,
2431,07/01/2026 10:28:55,21.62,,,,,
2432,07/01/2026 10:29:25,21.53,,,,,
2433,07/01/2026 10:29:55,21.53,,,,,
2434,07/01/2026 10:30:25,21.53,,,,,
2435,07/01/2026 10:30:55,21.62,,,,,
2436,07/01/2026 10:31:25,21.62,,,,,
2437,07/01/2026 10:31:55,21.58,,,,,
2438,07/01/2026 10:32:25,21.53,,,,,
2439,07/01/2026 10:32:55,21.58,,,,,
2440,07/01/2026 10:33:25,21.53,,,,,
2441,07/01/2026 10:33:55,21.58,,,,,
2442,07/01/2026 10:34:25,21.58,,,,,
2443,07/01/2026 10:34:55,21.58,,,,,
2444,07/01/2026 10:35:25,21.53,,,,,
2445,07/01/2026 10:35:55,21.58,,,,,
2446,07/01/2026 10:36:25,21.58,,,,,
2447,07/01/2026 10:36:55,21.58,,,,,
2448,07/01/2026 10:37:25,21.53,,,,,
2449,07/01/2026 10:37:55,21.53,,,,,
2450,07/01/2026 10:38:25,21.49,,,,,
2451,07/01/2026 10:38:55,21.53,,,,,
2452,07/01/2026 10:39:25,21.49,,,,,
2453,07/01/2026 10:39:55,21.53,,,,,
2454,07/01/2026 10:40:25,21.49,,,,,
2455,07/01/2026 10:40:55,21.49,,,,,
2456,07/01/2026 10:41:25,21.53,,,,,
2457,07/01/2026 10:41:55,21.53,,,,,
2458,07/01/2026 10:42:25,21.49,,,,,
2459,07/01/2026 10:42:55,21.45,,,,,
2460,07/01/2026 10:43:25,21.49,,,,,
2461,07/01/2026 10:43:55,21.45,,,,,
2462,07/01/2026 10:44:25,21.45,,,,,
2463,07/01/2026 10:44:55,21.49,,,,,
2464,07/01/2026 10:45:25,21.45,,,,,
2465,07/01/2026 10:45:55,21.49,,,,,
2466,07/01/2026 10:46:25,21.45,,,,,
2467,07/01/2026 10:46:55,21.40,,,,,
2468,07/01/2026 10:47:25,21.45,,,,,
2469,07/01/2026 10:47:55,21.40,,,,,
2470,07/01/2026 10:48:25,21.40,,,,,
2471,07/01/2026 10:48:55,21.40,,,,,
2472,07/01/2026 10:49:25,21.40,,,,,
2473,07/01/2026 10:49:55,21.40,,,,,
2474,07/01/2026 10:50:25,21.40,,,,,
2475,07/01/2026 10:50:55,21.40,,,,,
2476,07/01/2026 10:51:25,21.40,,,,,
2477,07/01/2026 10:51:55,21.40,,,,,
2478,07/01/2026 10:52:25,21.36,,,,,
2479,07/01/2026 10:52:55,21.36,,,,,
2480,07/01/2026 10:53:25,21.36,,,,,
2481,07/01/2026 10:53:55,21.36,,,,,
2482,07/01/2026 10:54:25,21.36,,,,,
2483,07/01/2026 10:54:55,21.36,,,,,
2484,07/01/2026 10:55:25,21.32,,,,,
2485,07/01/2026 10:55:55,21.28,,,,,
2486,07/01/2026 10:56:25,21.28,,,,,
2487,07/01/2026 10:56:55,21.32,,,,,
2488,07/01/2026 10:57:25,21.28,,,,,
2489,07/01/2026 10:57:55,21.32,,,,,
2490,07/01/2026 10:58:25,21.32,,,,,
2491,07/01/2026 10:58:55,21.32,,,,,
2492,07/01/2026 10:59:25,21.23,,,,,
2493,07/01/2026 10:59:55,21.28,,,,,
2494,07/01/2026 11:00:25,21.28,,,,,
2495,07/01/2026 11:00:55,21.28,,,,,
2496,07/01/2026 11:01:25,21.23,,,,,
2497,07/01/2026 11:01:55,21.28,,,,,
2498,07/01/2026 11:02:25,21.28,,,,,
2499,07/01/2026 11:02:55,21.28,,,,,
2500,07/01/2026 11:03:25,21.23,,,,,
2501,07/01/2026 11:03:55,21.28,,,,,
2502,07/01/2026 11:04:25,21.23,,,,,
2503,07/01/2026 11:04:55,21.19,,,,,
2504,07/01/2026 11:05:25,21.28,,,,,
2505,07/01/2026 11:05:55,21.23,,,,,
2506,07/01/2026 11:06:25,21.23,,,,,
2507,07/01/2026 11:06:55,21.23,,,,,
2508,07/01/2026 11:07:25,21.23,,,,,
2509,07/01/2026 11:07:55,21.23,,,,,
2510,07/01/2026 11:08:25,21.23,,,,,
2511,07/01/2026 11:08:55,21.19,,,,,
2512,07/01/2026 11:09:25,21.19,,,,,
2513,07/01/2026 11:09:55,21.23,,,,,
2514,07/01/2026 11:10:25,21.23,,,,,
2515,07/01/2026 11:10:55,21.19,,,,,
2516,07/01/2026 11:11:25,21.28,,,,,
2517,07/01/2026 11:11:55,21.28,,,,,
2518,07/01/2026 11:12:25,21.36,,,,,
2519,07/01/2026 11:12:55,21.36,,,,,
2520,07/01/2026 11:13:25,21.36,,,,,
2521,07/01/2026 11:13:55,21.45,,,,,
2522,07/01/2026 11:14:25,21.45,,,,,
2523,07/01/2026 11:14:55,21.53,,,,,
2524,07/01/2026 11:15:25,21.53,,,,,
2525,07/01/2026 11:15:55,21.62,,,,,
2526,07/01/2026 11:16:25,21.66,,,,,
2527,07/01/2026 11:16:47,,,Logged,Logged,,
2528,07/01/2026 11:16:55,21.70,,,,Logged,Logged
